cell,output,length,file,preview
0,0,409,data/logs/network_cell_0_output_0.txt,"WARNING: Using incubator modules: jdk.incubator.vector Using Spark's default log4j profile: org/apache/spark/log4j2-defaults.properties Setting default log level to ""WARN"". To adjust logging level use sc.setLogLevel(newLevel). For SparkR, use setLogLevel(newLevel). 26/06/14 17:44:00 WARN NativeCodeLoader: Unable to load native-hadoop library for your platform... using builtin-java classes where applicable"
1,0,88,data/logs/network_cell_1_output_0.txt,rm: cannot remove '/kaggle/working/channels_11_parquet.zip': No such file or directory
3,0,91,data/logs/network_cell_3_output_0.txt,--- Loading: channels_10_parquet.zip --- --- Processing handle channels_10_parquet.zip ---
3,2,725,data/logs/network_cell_3_output_2.txt,Remove ZIP file and complete: channels_10_parquet.zip --- Loading: channels_11_parquet.zip --- --- Processing handle channels_11_parquet.zip --- Remove ZIP file and complete: channels_11_parquet.zip --- Loading: channels_12_parquet.zip --- --- Processing handle channels_12_parquet.zip --- Remove ZIP file and complete: channels_12_parquet.zip --- Loading: channels_13_parquet.zip --- --- Processing handle channels_13_parquet.zip --- Remove ZIP file and complete: channels_13_parquet.zip --- Loading: channels_14_parquet.zip --- --- Processing handle channels_14_parquet.zip --- Remove ZIP file and complete: channels_14_parquet.zip --- Loading: channels_15_parquet.zip --- --- Processing handle cha
3,3,4607,data/logs/network_cell_3_output_3.txt,26/06/14 19:34:41 ERROR Executor: Exception in task 0.0 in stage 72908.0 (TID 64422) org.apache.spark.SparkException: Exception thrown in awaitResult: at org.apache.spark.util.SparkThreadUtils$.awaitResult(SparkThreadUtils.scala:53) at org.apache.spark.util.ThreadUtils$.awaitResult(ThreadUtils.scala:342) at org.apache.spark.util.ThreadUtils$.parmap(ThreadUtils.scala:419) at org.apache.spark.sql.execution.datasources.parquet.ParquetFileFormat$.readParquetFootersInParallel(ParquetFileFormat.scala:444) at org.apache.spark.sql.execution.datasources.parquet.ParquetFileFormat$.$anonfun$mergeSchemasInParallel$1(ParquetFileFormat.scala:494) at org.apache.spark.sql.execution.datasources.parquet.Parqu
3,4,26874,data/logs/network_cell_3_output_4.txt,"Lỗi thực sự tại file /kaggle/working/temp_extract/channels_15_parquet/channel_1502533790.parquet: An error occurred while calling o1010026.parquet. : org.apache.spark.SparkException: Job aborted due to stage failure: Task 0 in stage 72908.0 failed 1 times, most recent failure: Lost task 0.0 in stage 72908.0 (TID 64422) (a08040911e95 executor driver): org.apache.spark.SparkException: Exception thrown in awaitResult: at org.apache.spark.util.SparkThreadUtils$.awaitResult(SparkThreadUtils.scala:53) at org.apache.spark.util.ThreadUtils$.awaitResult(ThreadUtils.scala:342) at org.apache.spark.util.ThreadUtils$.parmap(ThreadUtils.scala:419) at org.apache.spark.sql.execution.datasources.parquet.Parq"
3,5,4534,data/logs/network_cell_3_output_5.txt,26/06/14 20:58:29 ERROR Executor: Exception in task 0.0 in stage 139267.0 (TID 122755) org.apache.spark.SparkException: Exception thrown in awaitResult: at org.apache.spark.util.SparkThreadUtils$.awaitResult(SparkThreadUtils.scala:53) at org.apache.spark.util.ThreadUtils$.awaitResult(ThreadUtils.scala:342) at org.apache.spark.util.ThreadUtils$.parmap(ThreadUtils.scala:419) at org.apache.spark.sql.execution.datasources.parquet.ParquetFileFormat$.readParquetFootersInParallel(ParquetFileFormat.scala:444) at org.apache.spark.sql.execution.datasources.parquet.ParquetFileFormat$.$anonfun$mergeSchemasInParallel$1(ParquetFileFormat.scala:494) at org.apache.spark.sql.execution.datasources.parquet.Par
3,6,26270,data/logs/network_cell_3_output_6.txt,"Lỗi thực sự tại file /kaggle/working/temp_extract/channel_1872306404.parquet: An error occurred while calling o1922490.parquet. : org.apache.spark.SparkException: Job aborted due to stage failure: Task 0 in stage 139267.0 failed 1 times, most recent failure: Lost task 0.0 in stage 139267.0 (TID 122755) (a08040911e95 executor driver): org.apache.spark.SparkException: Exception thrown in awaitResult: at org.apache.spark.util.SparkThreadUtils$.awaitResult(SparkThreadUtils.scala:53) at org.apache.spark.util.ThreadUtils$.awaitResult(ThreadUtils.scala:342) at org.apache.spark.util.ThreadUtils$.parmap(ThreadUtils.scala:419) at org.apache.spark.sql.execution.datasources.parquet.ParquetFileFormat$.re"
3,7,4534,data/logs/network_cell_3_output_7.txt,26/06/14 20:59:29 ERROR Executor: Exception in task 0.0 in stage 140103.0 (TID 123477) org.apache.spark.SparkException: Exception thrown in awaitResult: at org.apache.spark.util.SparkThreadUtils$.awaitResult(SparkThreadUtils.scala:53) at org.apache.spark.util.ThreadUtils$.awaitResult(ThreadUtils.scala:342) at org.apache.spark.util.ThreadUtils$.parmap(ThreadUtils.scala:419) at org.apache.spark.sql.execution.datasources.parquet.ParquetFileFormat$.readParquetFootersInParallel(ParquetFileFormat.scala:444) at org.apache.spark.sql.execution.datasources.parquet.ParquetFileFormat$.$anonfun$mergeSchemasInParallel$1(ParquetFileFormat.scala:494) at org.apache.spark.sql.execution.datasources.parquet.Par
3,8,26270,data/logs/network_cell_3_output_8.txt,"Lỗi thực sự tại file /kaggle/working/temp_extract/channel_1872375289.parquet: An error occurred while calling o1934130.parquet. : org.apache.spark.SparkException: Job aborted due to stage failure: Task 0 in stage 140103.0 failed 1 times, most recent failure: Lost task 0.0 in stage 140103.0 (TID 123477) (a08040911e95 executor driver): org.apache.spark.SparkException: Exception thrown in awaitResult: at org.apache.spark.util.SparkThreadUtils$.awaitResult(SparkThreadUtils.scala:53) at org.apache.spark.util.ThreadUtils$.awaitResult(ThreadUtils.scala:342) at org.apache.spark.util.ThreadUtils$.parmap(ThreadUtils.scala:419) at org.apache.spark.sql.execution.datasources.parquet.ParquetFileFormat$.re"
3,9,4534,data/logs/network_cell_3_output_9.txt,26/06/14 21:00:00 ERROR Executor: Exception in task 0.0 in stage 140528.0 (TID 123869) org.apache.spark.SparkException: Exception thrown in awaitResult: at org.apache.spark.util.SparkThreadUtils$.awaitResult(SparkThreadUtils.scala:53) at org.apache.spark.util.ThreadUtils$.awaitResult(ThreadUtils.scala:342) at org.apache.spark.util.ThreadUtils$.parmap(ThreadUtils.scala:419) at org.apache.spark.sql.execution.datasources.parquet.ParquetFileFormat$.readParquetFootersInParallel(ParquetFileFormat.scala:444) at org.apache.spark.sql.execution.datasources.parquet.ParquetFileFormat$.$anonfun$mergeSchemasInParallel$1(ParquetFileFormat.scala:494) at org.apache.spark.sql.execution.datasources.parquet.Par
3,10,26270,data/logs/network_cell_3_output_10.txt,"Lỗi thực sự tại file /kaggle/working/temp_extract/channel_1871959172.parquet: An error occurred while calling o1939956.parquet. : org.apache.spark.SparkException: Job aborted due to stage failure: Task 0 in stage 140528.0 failed 1 times, most recent failure: Lost task 0.0 in stage 140528.0 (TID 123869) (a08040911e95 executor driver): org.apache.spark.SparkException: Exception thrown in awaitResult: at org.apache.spark.util.SparkThreadUtils$.awaitResult(SparkThreadUtils.scala:53) at org.apache.spark.util.ThreadUtils$.awaitResult(ThreadUtils.scala:342) at org.apache.spark.util.ThreadUtils$.parmap(ThreadUtils.scala:419) at org.apache.spark.sql.execution.datasources.parquet.ParquetFileFormat$.re"
3,11,4534,data/logs/network_cell_3_output_11.txt,26/06/14 21:00:02 ERROR Executor: Exception in task 0.0 in stage 140547.0 (TID 123892) org.apache.spark.SparkException: Exception thrown in awaitResult: at org.apache.spark.util.SparkThreadUtils$.awaitResult(SparkThreadUtils.scala:53) at org.apache.spark.util.ThreadUtils$.awaitResult(ThreadUtils.scala:342) at org.apache.spark.util.ThreadUtils$.parmap(ThreadUtils.scala:419) at org.apache.spark.sql.execution.datasources.parquet.ParquetFileFormat$.readParquetFootersInParallel(ParquetFileFormat.scala:444) at org.apache.spark.sql.execution.datasources.parquet.ParquetFileFormat$.$anonfun$mergeSchemasInParallel$1(ParquetFileFormat.scala:494) at org.apache.spark.sql.execution.datasources.parquet.Par
3,12,26270,data/logs/network_cell_3_output_12.txt,"Lỗi thực sự tại file /kaggle/working/temp_extract/channel_1872509105.parquet: An error occurred while calling o1940269.parquet. : org.apache.spark.SparkException: Job aborted due to stage failure: Task 0 in stage 140547.0 failed 1 times, most recent failure: Lost task 0.0 in stage 140547.0 (TID 123892) (a08040911e95 executor driver): org.apache.spark.SparkException: Exception thrown in awaitResult: at org.apache.spark.util.SparkThreadUtils$.awaitResult(SparkThreadUtils.scala:53) at org.apache.spark.util.ThreadUtils$.awaitResult(ThreadUtils.scala:342) at org.apache.spark.util.ThreadUtils$.parmap(ThreadUtils.scala:419) at org.apache.spark.sql.execution.datasources.parquet.ParquetFileFormat$.re"
3,13,4534,data/logs/network_cell_3_output_13.txt,26/06/14 21:00:08 ERROR Executor: Exception in task 0.0 in stage 140620.0 (TID 123955) org.apache.spark.SparkException: Exception thrown in awaitResult: at org.apache.spark.util.SparkThreadUtils$.awaitResult(SparkThreadUtils.scala:53) at org.apache.spark.util.ThreadUtils$.awaitResult(ThreadUtils.scala:342) at org.apache.spark.util.ThreadUtils$.parmap(ThreadUtils.scala:419) at org.apache.spark.sql.execution.datasources.parquet.ParquetFileFormat$.readParquetFootersInParallel(ParquetFileFormat.scala:444) at org.apache.spark.sql.execution.datasources.parquet.ParquetFileFormat$.$anonfun$mergeSchemasInParallel$1(ParquetFileFormat.scala:494) at org.apache.spark.sql.execution.datasources.parquet.Par
3,14,26270,data/logs/network_cell_3_output_14.txt,"Lỗi thực sự tại file /kaggle/working/temp_extract/channel_1872694764.parquet: An error occurred while calling o1941248.parquet. : org.apache.spark.SparkException: Job aborted due to stage failure: Task 0 in stage 140620.0 failed 1 times, most recent failure: Lost task 0.0 in stage 140620.0 (TID 123955) (a08040911e95 executor driver): org.apache.spark.SparkException: Exception thrown in awaitResult: at org.apache.spark.util.SparkThreadUtils$.awaitResult(SparkThreadUtils.scala:53) at org.apache.spark.util.ThreadUtils$.awaitResult(ThreadUtils.scala:342) at org.apache.spark.util.ThreadUtils$.parmap(ThreadUtils.scala:419) at org.apache.spark.sql.execution.datasources.parquet.ParquetFileFormat$.re"
3,15,4534,data/logs/network_cell_3_output_15.txt,26/06/14 21:00:21 ERROR Executor: Exception in task 0.0 in stage 140800.0 (TID 124122) org.apache.spark.SparkException: Exception thrown in awaitResult: at org.apache.spark.util.SparkThreadUtils$.awaitResult(SparkThreadUtils.scala:53) at org.apache.spark.util.ThreadUtils$.awaitResult(ThreadUtils.scala:342) at org.apache.spark.util.ThreadUtils$.parmap(ThreadUtils.scala:419) at org.apache.spark.sql.execution.datasources.parquet.ParquetFileFormat$.readParquetFootersInParallel(ParquetFileFormat.scala:444) at org.apache.spark.sql.execution.datasources.parquet.ParquetFileFormat$.$anonfun$mergeSchemasInParallel$1(ParquetFileFormat.scala:494) at org.apache.spark.sql.execution.datasources.parquet.Par
3,16,26270,data/logs/network_cell_3_output_16.txt,"Lỗi thực sự tại file /kaggle/working/temp_extract/channel_1872361551.parquet: An error occurred while calling o1943762.parquet. : org.apache.spark.SparkException: Job aborted due to stage failure: Task 0 in stage 140800.0 failed 1 times, most recent failure: Lost task 0.0 in stage 140800.0 (TID 124122) (a08040911e95 executor driver): org.apache.spark.SparkException: Exception thrown in awaitResult: at org.apache.spark.util.SparkThreadUtils$.awaitResult(SparkThreadUtils.scala:53) at org.apache.spark.util.ThreadUtils$.awaitResult(ThreadUtils.scala:342) at org.apache.spark.util.ThreadUtils$.parmap(ThreadUtils.scala:419) at org.apache.spark.sql.execution.datasources.parquet.ParquetFileFormat$.re"
3,17,4534,data/logs/network_cell_3_output_17.txt,26/06/14 21:01:06 ERROR Executor: Exception in task 0.0 in stage 141432.0 (TID 124695) org.apache.spark.SparkException: Exception thrown in awaitResult: at org.apache.spark.util.SparkThreadUtils$.awaitResult(SparkThreadUtils.scala:53) at org.apache.spark.util.ThreadUtils$.awaitResult(ThreadUtils.scala:342) at org.apache.spark.util.ThreadUtils$.parmap(ThreadUtils.scala:419) at org.apache.spark.sql.execution.datasources.parquet.ParquetFileFormat$.readParquetFootersInParallel(ParquetFileFormat.scala:444) at org.apache.spark.sql.execution.datasources.parquet.ParquetFileFormat$.$anonfun$mergeSchemasInParallel$1(ParquetFileFormat.scala:494) at org.apache.spark.sql.execution.datasources.parquet.Par
3,18,26270,data/logs/network_cell_3_output_18.txt,"Lỗi thực sự tại file /kaggle/working/temp_extract/channel_1872223162.parquet: An error occurred while calling o1952524.parquet. : org.apache.spark.SparkException: Job aborted due to stage failure: Task 0 in stage 141432.0 failed 1 times, most recent failure: Lost task 0.0 in stage 141432.0 (TID 124695) (a08040911e95 executor driver): org.apache.spark.SparkException: Exception thrown in awaitResult: at org.apache.spark.util.SparkThreadUtils$.awaitResult(SparkThreadUtils.scala:53) at org.apache.spark.util.ThreadUtils$.awaitResult(ThreadUtils.scala:342) at org.apache.spark.util.ThreadUtils$.parmap(ThreadUtils.scala:419) at org.apache.spark.sql.execution.datasources.parquet.ParquetFileFormat$.re"
3,19,4568,data/logs/network_cell_3_output_19.txt,26/06/14 21:01:29 ERROR Executor: Exception in task 0.0 in stage 141755.0 (TID 124990) org.apache.spark.SparkException: Exception thrown in awaitResult: at org.apache.spark.util.SparkThreadUtils$.awaitResult(SparkThreadUtils.scala:53) at org.apache.spark.util.ThreadUtils$.awaitResult(ThreadUtils.scala:342) at org.apache.spark.util.ThreadUtils$.parmap(ThreadUtils.scala:419) at org.apache.spark.sql.execution.datasources.parquet.ParquetFileFormat$.readParquetFootersInParallel(ParquetFileFormat.scala:444) at org.apache.spark.sql.execution.datasources.parquet.ParquetFileFormat$.$anonfun$mergeSchemasInParallel$1(ParquetFileFormat.scala:494) at org.apache.spark.sql.execution.datasources.parquet.Par
3,20,26338,data/logs/network_cell_3_output_20.txt,"Lỗi thực sự tại file /kaggle/working/temp_extract/channel_1871060460.parquet: An error occurred while calling o1956952.parquet. : org.apache.spark.SparkException: Job aborted due to stage failure: Task 0 in stage 141755.0 failed 1 times, most recent failure: Lost task 0.0 in stage 141755.0 (TID 124990) (a08040911e95 executor driver): org.apache.spark.SparkException: Exception thrown in awaitResult: at org.apache.spark.util.SparkThreadUtils$.awaitResult(SparkThreadUtils.scala:53) at org.apache.spark.util.ThreadUtils$.awaitResult(ThreadUtils.scala:342) at org.apache.spark.util.ThreadUtils$.parmap(ThreadUtils.scala:419) at org.apache.spark.sql.execution.datasources.parquet.ParquetFileFormat$.re"
3,21,4534,data/logs/network_cell_3_output_21.txt,26/06/14 21:01:31 ERROR Executor: Exception in task 0.0 in stage 141786.0 (TID 125015) org.apache.spark.SparkException: Exception thrown in awaitResult: at org.apache.spark.util.SparkThreadUtils$.awaitResult(SparkThreadUtils.scala:53) at org.apache.spark.util.ThreadUtils$.awaitResult(ThreadUtils.scala:342) at org.apache.spark.util.ThreadUtils$.parmap(ThreadUtils.scala:419) at org.apache.spark.sql.execution.datasources.parquet.ParquetFileFormat$.readParquetFootersInParallel(ParquetFileFormat.scala:444) at org.apache.spark.sql.execution.datasources.parquet.ParquetFileFormat$.$anonfun$mergeSchemasInParallel$1(ParquetFileFormat.scala:494) at org.apache.spark.sql.execution.datasources.parquet.Par
3,22,26270,data/logs/network_cell_3_output_22.txt,"Lỗi thực sự tại file /kaggle/working/temp_extract/channel_1872726895.parquet: An error occurred while calling o1957385.parquet. : org.apache.spark.SparkException: Job aborted due to stage failure: Task 0 in stage 141786.0 failed 1 times, most recent failure: Lost task 0.0 in stage 141786.0 (TID 125015) (a08040911e95 executor driver): org.apache.spark.SparkException: Exception thrown in awaitResult: at org.apache.spark.util.SparkThreadUtils$.awaitResult(SparkThreadUtils.scala:53) at org.apache.spark.util.ThreadUtils$.awaitResult(ThreadUtils.scala:342) at org.apache.spark.util.ThreadUtils$.parmap(ThreadUtils.scala:419) at org.apache.spark.sql.execution.datasources.parquet.ParquetFileFormat$.re"
3,23,4534,data/logs/network_cell_3_output_23.txt,26/06/14 21:02:03 ERROR Executor: Exception in task 0.0 in stage 142229.0 (TID 125420) org.apache.spark.SparkException: Exception thrown in awaitResult: at org.apache.spark.util.SparkThreadUtils$.awaitResult(SparkThreadUtils.scala:53) at org.apache.spark.util.ThreadUtils$.awaitResult(ThreadUtils.scala:342) at org.apache.spark.util.ThreadUtils$.parmap(ThreadUtils.scala:419) at org.apache.spark.sql.execution.datasources.parquet.ParquetFileFormat$.readParquetFootersInParallel(ParquetFileFormat.scala:444) at org.apache.spark.sql.execution.datasources.parquet.ParquetFileFormat$.$anonfun$mergeSchemasInParallel$1(ParquetFileFormat.scala:494) at org.apache.spark.sql.execution.datasources.parquet.Par
3,24,26270,data/logs/network_cell_3_output_24.txt,"Lỗi thực sự tại file /kaggle/working/temp_extract/channel_1872014086.parquet: An error occurred while calling o1963561.parquet. : org.apache.spark.SparkException: Job aborted due to stage failure: Task 0 in stage 142229.0 failed 1 times, most recent failure: Lost task 0.0 in stage 142229.0 (TID 125420) (a08040911e95 executor driver): org.apache.spark.SparkException: Exception thrown in awaitResult: at org.apache.spark.util.SparkThreadUtils$.awaitResult(SparkThreadUtils.scala:53) at org.apache.spark.util.ThreadUtils$.awaitResult(ThreadUtils.scala:342) at org.apache.spark.util.ThreadUtils$.parmap(ThreadUtils.scala:419) at org.apache.spark.sql.execution.datasources.parquet.ParquetFileFormat$.re"
3,25,4534,data/logs/network_cell_3_output_25.txt,26/06/14 21:02:13 ERROR Executor: Exception in task 0.0 in stage 142371.0 (TID 125538) org.apache.spark.SparkException: Exception thrown in awaitResult: at org.apache.spark.util.SparkThreadUtils$.awaitResult(SparkThreadUtils.scala:53) at org.apache.spark.util.ThreadUtils$.awaitResult(ThreadUtils.scala:342) at org.apache.spark.util.ThreadUtils$.parmap(ThreadUtils.scala:419) at org.apache.spark.sql.execution.datasources.parquet.ParquetFileFormat$.readParquetFootersInParallel(ParquetFileFormat.scala:444) at org.apache.spark.sql.execution.datasources.parquet.ParquetFileFormat$.$anonfun$mergeSchemasInParallel$1(ParquetFileFormat.scala:494) at org.apache.spark.sql.execution.datasources.parquet.Par
3,26,26270,data/logs/network_cell_3_output_26.txt,"Lỗi thực sự tại file /kaggle/working/temp_extract/channel_1871786502.parquet: An error occurred while calling o1965441.parquet. : org.apache.spark.SparkException: Job aborted due to stage failure: Task 0 in stage 142371.0 failed 1 times, most recent failure: Lost task 0.0 in stage 142371.0 (TID 125538) (a08040911e95 executor driver): org.apache.spark.SparkException: Exception thrown in awaitResult: at org.apache.spark.util.SparkThreadUtils$.awaitResult(SparkThreadUtils.scala:53) at org.apache.spark.util.ThreadUtils$.awaitResult(ThreadUtils.scala:342) at org.apache.spark.util.ThreadUtils$.parmap(ThreadUtils.scala:419) at org.apache.spark.sql.execution.datasources.parquet.ParquetFileFormat$.re"
3,27,4534,data/logs/network_cell_3_output_27.txt,26/06/14 21:02:33 ERROR Executor: Exception in task 0.0 in stage 142649.0 (TID 125786) org.apache.spark.SparkException: Exception thrown in awaitResult: at org.apache.spark.util.SparkThreadUtils$.awaitResult(SparkThreadUtils.scala:53) at org.apache.spark.util.ThreadUtils$.awaitResult(ThreadUtils.scala:342) at org.apache.spark.util.ThreadUtils$.parmap(ThreadUtils.scala:419) at org.apache.spark.sql.execution.datasources.parquet.ParquetFileFormat$.readParquetFootersInParallel(ParquetFileFormat.scala:444) at org.apache.spark.sql.execution.datasources.parquet.ParquetFileFormat$.$anonfun$mergeSchemasInParallel$1(ParquetFileFormat.scala:494) at org.apache.spark.sql.execution.datasources.parquet.Par
3,28,26270,data/logs/network_cell_3_output_28.txt,"Lỗi thực sự tại file /kaggle/working/temp_extract/channel_1871074351.parquet: An error occurred while calling o1969271.parquet. : org.apache.spark.SparkException: Job aborted due to stage failure: Task 0 in stage 142649.0 failed 1 times, most recent failure: Lost task 0.0 in stage 142649.0 (TID 125786) (a08040911e95 executor driver): org.apache.spark.SparkException: Exception thrown in awaitResult: at org.apache.spark.util.SparkThreadUtils$.awaitResult(SparkThreadUtils.scala:53) at org.apache.spark.util.ThreadUtils$.awaitResult(ThreadUtils.scala:342) at org.apache.spark.util.ThreadUtils$.parmap(ThreadUtils.scala:419) at org.apache.spark.sql.execution.datasources.parquet.ParquetFileFormat$.re"
3,29,4534,data/logs/network_cell_3_output_29.txt,26/06/14 21:03:00 ERROR Executor: Exception in task 0.0 in stage 143027.0 (TID 126139) org.apache.spark.SparkException: Exception thrown in awaitResult: at org.apache.spark.util.SparkThreadUtils$.awaitResult(SparkThreadUtils.scala:53) at org.apache.spark.util.ThreadUtils$.awaitResult(ThreadUtils.scala:342) at org.apache.spark.util.ThreadUtils$.parmap(ThreadUtils.scala:419) at org.apache.spark.sql.execution.datasources.parquet.ParquetFileFormat$.readParquetFootersInParallel(ParquetFileFormat.scala:444) at org.apache.spark.sql.execution.datasources.parquet.ParquetFileFormat$.$anonfun$mergeSchemasInParallel$1(ParquetFileFormat.scala:494) at org.apache.spark.sql.execution.datasources.parquet.Par
3,30,26270,data/logs/network_cell_3_output_30.txt,"Lỗi thực sự tại file /kaggle/working/temp_extract/channel_1871714582.parquet: An error occurred while calling o1974502.parquet. : org.apache.spark.SparkException: Job aborted due to stage failure: Task 0 in stage 143027.0 failed 1 times, most recent failure: Lost task 0.0 in stage 143027.0 (TID 126139) (a08040911e95 executor driver): org.apache.spark.SparkException: Exception thrown in awaitResult: at org.apache.spark.util.SparkThreadUtils$.awaitResult(SparkThreadUtils.scala:53) at org.apache.spark.util.ThreadUtils$.awaitResult(ThreadUtils.scala:342) at org.apache.spark.util.ThreadUtils$.parmap(ThreadUtils.scala:419) at org.apache.spark.sql.execution.datasources.parquet.ParquetFileFormat$.re"
3,31,4534,data/logs/network_cell_3_output_31.txt,26/06/14 21:03:35 ERROR Executor: Exception in task 0.0 in stage 143502.0 (TID 126563) org.apache.spark.SparkException: Exception thrown in awaitResult: at org.apache.spark.util.SparkThreadUtils$.awaitResult(SparkThreadUtils.scala:53) at org.apache.spark.util.ThreadUtils$.awaitResult(ThreadUtils.scala:342) at org.apache.spark.util.ThreadUtils$.parmap(ThreadUtils.scala:419) at org.apache.spark.sql.execution.datasources.parquet.ParquetFileFormat$.readParquetFootersInParallel(ParquetFileFormat.scala:444) at org.apache.spark.sql.execution.datasources.parquet.ParquetFileFormat$.$anonfun$mergeSchemasInParallel$1(ParquetFileFormat.scala:494) at org.apache.spark.sql.execution.datasources.parquet.Par
3,32,26270,data/logs/network_cell_3_output_32.txt,"Lỗi thực sự tại file /kaggle/working/temp_extract/channel_1872559697.parquet: An error occurred while calling o1981101.parquet. : org.apache.spark.SparkException: Job aborted due to stage failure: Task 0 in stage 143502.0 failed 1 times, most recent failure: Lost task 0.0 in stage 143502.0 (TID 126563) (a08040911e95 executor driver): org.apache.spark.SparkException: Exception thrown in awaitResult: at org.apache.spark.util.SparkThreadUtils$.awaitResult(SparkThreadUtils.scala:53) at org.apache.spark.util.ThreadUtils$.awaitResult(ThreadUtils.scala:342) at org.apache.spark.util.ThreadUtils$.parmap(ThreadUtils.scala:419) at org.apache.spark.sql.execution.datasources.parquet.ParquetFileFormat$.re"
3,33,4534,data/logs/network_cell_3_output_33.txt,26/06/14 21:03:39 ERROR Executor: Exception in task 0.0 in stage 143550.0 (TID 126605) org.apache.spark.SparkException: Exception thrown in awaitResult: at org.apache.spark.util.SparkThreadUtils$.awaitResult(SparkThreadUtils.scala:53) at org.apache.spark.util.ThreadUtils$.awaitResult(ThreadUtils.scala:342) at org.apache.spark.util.ThreadUtils$.parmap(ThreadUtils.scala:419) at org.apache.spark.sql.execution.datasources.parquet.ParquetFileFormat$.readParquetFootersInParallel(ParquetFileFormat.scala:444) at org.apache.spark.sql.execution.datasources.parquet.ParquetFileFormat$.$anonfun$mergeSchemasInParallel$1(ParquetFileFormat.scala:494) at org.apache.spark.sql.execution.datasources.parquet.Par
3,34,26270,data/logs/network_cell_3_output_34.txt,"Lỗi thực sự tại file /kaggle/working/temp_extract/channel_1872197772.parquet: An error occurred while calling o1981810.parquet. : org.apache.spark.SparkException: Job aborted due to stage failure: Task 0 in stage 143550.0 failed 1 times, most recent failure: Lost task 0.0 in stage 143550.0 (TID 126605) (a08040911e95 executor driver): org.apache.spark.SparkException: Exception thrown in awaitResult: at org.apache.spark.util.SparkThreadUtils$.awaitResult(SparkThreadUtils.scala:53) at org.apache.spark.util.ThreadUtils$.awaitResult(ThreadUtils.scala:342) at org.apache.spark.util.ThreadUtils$.parmap(ThreadUtils.scala:419) at org.apache.spark.sql.execution.datasources.parquet.ParquetFileFormat$.re"
3,35,4534,data/logs/network_cell_3_output_35.txt,26/06/14 21:03:40 ERROR Executor: Exception in task 0.0 in stage 143575.0 (TID 126624) org.apache.spark.SparkException: Exception thrown in awaitResult: at org.apache.spark.util.SparkThreadUtils$.awaitResult(SparkThreadUtils.scala:53) at org.apache.spark.util.ThreadUtils$.awaitResult(ThreadUtils.scala:342) at org.apache.spark.util.ThreadUtils$.parmap(ThreadUtils.scala:419) at org.apache.spark.sql.execution.datasources.parquet.ParquetFileFormat$.readParquetFootersInParallel(ParquetFileFormat.scala:444) at org.apache.spark.sql.execution.datasources.parquet.ParquetFileFormat$.$anonfun$mergeSchemasInParallel$1(ParquetFileFormat.scala:494) at org.apache.spark.sql.execution.datasources.parquet.Par
3,36,26270,data/logs/network_cell_3_output_36.txt,"Lỗi thực sự tại file /kaggle/working/temp_extract/channel_1871322567.parquet: An error occurred while calling o1982120.parquet. : org.apache.spark.SparkException: Job aborted due to stage failure: Task 0 in stage 143575.0 failed 1 times, most recent failure: Lost task 0.0 in stage 143575.0 (TID 126624) (a08040911e95 executor driver): org.apache.spark.SparkException: Exception thrown in awaitResult: at org.apache.spark.util.SparkThreadUtils$.awaitResult(SparkThreadUtils.scala:53) at org.apache.spark.util.ThreadUtils$.awaitResult(ThreadUtils.scala:342) at org.apache.spark.util.ThreadUtils$.parmap(ThreadUtils.scala:419) at org.apache.spark.sql.execution.datasources.parquet.ParquetFileFormat$.re"
3,37,4534,data/logs/network_cell_3_output_37.txt,26/06/14 21:04:00 ERROR Executor: Exception in task 0.0 in stage 143849.0 (TID 126872) org.apache.spark.SparkException: Exception thrown in awaitResult: at org.apache.spark.util.SparkThreadUtils$.awaitResult(SparkThreadUtils.scala:53) at org.apache.spark.util.ThreadUtils$.awaitResult(ThreadUtils.scala:342) at org.apache.spark.util.ThreadUtils$.parmap(ThreadUtils.scala:419) at org.apache.spark.sql.execution.datasources.parquet.ParquetFileFormat$.readParquetFootersInParallel(ParquetFileFormat.scala:444) at org.apache.spark.sql.execution.datasources.parquet.ParquetFileFormat$.$anonfun$mergeSchemasInParallel$1(ParquetFileFormat.scala:494) at org.apache.spark.sql.execution.datasources.parquet.Par
3,38,26270,data/logs/network_cell_3_output_38.txt,"Lỗi thực sự tại file /kaggle/working/temp_extract/channel_1871548580.parquet: An error occurred while calling o1985868.parquet. : org.apache.spark.SparkException: Job aborted due to stage failure: Task 0 in stage 143849.0 failed 1 times, most recent failure: Lost task 0.0 in stage 143849.0 (TID 126872) (a08040911e95 executor driver): org.apache.spark.SparkException: Exception thrown in awaitResult: at org.apache.spark.util.SparkThreadUtils$.awaitResult(SparkThreadUtils.scala:53) at org.apache.spark.util.ThreadUtils$.awaitResult(ThreadUtils.scala:342) at org.apache.spark.util.ThreadUtils$.parmap(ThreadUtils.scala:419) at org.apache.spark.sql.execution.datasources.parquet.ParquetFileFormat$.re"
3,39,4534,data/logs/network_cell_3_output_39.txt,26/06/14 21:04:09 ERROR Executor: Exception in task 0.0 in stage 143984.0 (TID 126981) org.apache.spark.SparkException: Exception thrown in awaitResult: at org.apache.spark.util.SparkThreadUtils$.awaitResult(SparkThreadUtils.scala:53) at org.apache.spark.util.ThreadUtils$.awaitResult(ThreadUtils.scala:342) at org.apache.spark.util.ThreadUtils$.parmap(ThreadUtils.scala:419) at org.apache.spark.sql.execution.datasources.parquet.ParquetFileFormat$.readParquetFootersInParallel(ParquetFileFormat.scala:444) at org.apache.spark.sql.execution.datasources.parquet.ParquetFileFormat$.$anonfun$mergeSchemasInParallel$1(ParquetFileFormat.scala:494) at org.apache.spark.sql.execution.datasources.parquet.Par
3,40,26270,data/logs/network_cell_3_output_40.txt,"Lỗi thực sự tại file /kaggle/working/temp_extract/channel_1871353557.parquet: An error occurred while calling o1987740.parquet. : org.apache.spark.SparkException: Job aborted due to stage failure: Task 0 in stage 143984.0 failed 1 times, most recent failure: Lost task 0.0 in stage 143984.0 (TID 126981) (a08040911e95 executor driver): org.apache.spark.SparkException: Exception thrown in awaitResult: at org.apache.spark.util.SparkThreadUtils$.awaitResult(SparkThreadUtils.scala:53) at org.apache.spark.util.ThreadUtils$.awaitResult(ThreadUtils.scala:342) at org.apache.spark.util.ThreadUtils$.parmap(ThreadUtils.scala:419) at org.apache.spark.sql.execution.datasources.parquet.ParquetFileFormat$.re"
3,41,4534,data/logs/network_cell_3_output_41.txt,26/06/14 21:04:29 ERROR Executor: Exception in task 0.0 in stage 144262.0 (TID 127215) org.apache.spark.SparkException: Exception thrown in awaitResult: at org.apache.spark.util.SparkThreadUtils$.awaitResult(SparkThreadUtils.scala:53) at org.apache.spark.util.ThreadUtils$.awaitResult(ThreadUtils.scala:342) at org.apache.spark.util.ThreadUtils$.parmap(ThreadUtils.scala:419) at org.apache.spark.sql.execution.datasources.parquet.ParquetFileFormat$.readParquetFootersInParallel(ParquetFileFormat.scala:444) at org.apache.spark.sql.execution.datasources.parquet.ParquetFileFormat$.$anonfun$mergeSchemasInParallel$1(ParquetFileFormat.scala:494) at org.apache.spark.sql.execution.datasources.parquet.Par
3,42,26270,data/logs/network_cell_3_output_42.txt,"Lỗi thực sự tại file /kaggle/working/temp_extract/channel_1871228731.parquet: An error occurred while calling o1991589.parquet. : org.apache.spark.SparkException: Job aborted due to stage failure: Task 0 in stage 144262.0 failed 1 times, most recent failure: Lost task 0.0 in stage 144262.0 (TID 127215) (a08040911e95 executor driver): org.apache.spark.SparkException: Exception thrown in awaitResult: at org.apache.spark.util.SparkThreadUtils$.awaitResult(SparkThreadUtils.scala:53) at org.apache.spark.util.ThreadUtils$.awaitResult(ThreadUtils.scala:342) at org.apache.spark.util.ThreadUtils$.parmap(ThreadUtils.scala:419) at org.apache.spark.sql.execution.datasources.parquet.ParquetFileFormat$.re"
3,43,4534,data/logs/network_cell_3_output_43.txt,26/06/14 21:04:56 ERROR Executor: Exception in task 0.0 in stage 144618.0 (TID 127545) org.apache.spark.SparkException: Exception thrown in awaitResult: at org.apache.spark.util.SparkThreadUtils$.awaitResult(SparkThreadUtils.scala:53) at org.apache.spark.util.ThreadUtils$.awaitResult(ThreadUtils.scala:342) at org.apache.spark.util.ThreadUtils$.parmap(ThreadUtils.scala:419) at org.apache.spark.sql.execution.datasources.parquet.ParquetFileFormat$.readParquetFootersInParallel(ParquetFileFormat.scala:444) at org.apache.spark.sql.execution.datasources.parquet.ParquetFileFormat$.$anonfun$mergeSchemasInParallel$1(ParquetFileFormat.scala:494) at org.apache.spark.sql.execution.datasources.parquet.Par
3,44,26270,data/logs/network_cell_3_output_44.txt,"Lỗi thực sự tại file /kaggle/working/temp_extract/channel_1871505203.parquet: An error occurred while calling o1996558.parquet. : org.apache.spark.SparkException: Job aborted due to stage failure: Task 0 in stage 144618.0 failed 1 times, most recent failure: Lost task 0.0 in stage 144618.0 (TID 127545) (a08040911e95 executor driver): org.apache.spark.SparkException: Exception thrown in awaitResult: at org.apache.spark.util.SparkThreadUtils$.awaitResult(SparkThreadUtils.scala:53) at org.apache.spark.util.ThreadUtils$.awaitResult(ThreadUtils.scala:342) at org.apache.spark.util.ThreadUtils$.parmap(ThreadUtils.scala:419) at org.apache.spark.sql.execution.datasources.parquet.ParquetFileFormat$.re"
3,45,4534,data/logs/network_cell_3_output_45.txt,26/06/14 21:05:09 ERROR Executor: Exception in task 0.0 in stage 144792.0 (TID 127704) org.apache.spark.SparkException: Exception thrown in awaitResult: at org.apache.spark.util.SparkThreadUtils$.awaitResult(SparkThreadUtils.scala:53) at org.apache.spark.util.ThreadUtils$.awaitResult(ThreadUtils.scala:342) at org.apache.spark.util.ThreadUtils$.parmap(ThreadUtils.scala:419) at org.apache.spark.sql.execution.datasources.parquet.ParquetFileFormat$.readParquetFootersInParallel(ParquetFileFormat.scala:444) at org.apache.spark.sql.execution.datasources.parquet.ParquetFileFormat$.$anonfun$mergeSchemasInParallel$1(ParquetFileFormat.scala:494) at org.apache.spark.sql.execution.datasources.parquet.Par
3,46,26270,data/logs/network_cell_3_output_46.txt,"Lỗi thực sự tại file /kaggle/working/temp_extract/channel_1871972026.parquet: An error occurred while calling o1999012.parquet. : org.apache.spark.SparkException: Job aborted due to stage failure: Task 0 in stage 144792.0 failed 1 times, most recent failure: Lost task 0.0 in stage 144792.0 (TID 127704) (a08040911e95 executor driver): org.apache.spark.SparkException: Exception thrown in awaitResult: at org.apache.spark.util.SparkThreadUtils$.awaitResult(SparkThreadUtils.scala:53) at org.apache.spark.util.ThreadUtils$.awaitResult(ThreadUtils.scala:342) at org.apache.spark.util.ThreadUtils$.parmap(ThreadUtils.scala:419) at org.apache.spark.sql.execution.datasources.parquet.ParquetFileFormat$.re"
3,47,4534,data/logs/network_cell_3_output_47.txt,26/06/14 21:05:46 ERROR Executor: Exception in task 0.0 in stage 145323.0 (TID 128151) org.apache.spark.SparkException: Exception thrown in awaitResult: at org.apache.spark.util.SparkThreadUtils$.awaitResult(SparkThreadUtils.scala:53) at org.apache.spark.util.ThreadUtils$.awaitResult(ThreadUtils.scala:342) at org.apache.spark.util.ThreadUtils$.parmap(ThreadUtils.scala:419) at org.apache.spark.sql.execution.datasources.parquet.ParquetFileFormat$.readParquetFootersInParallel(ParquetFileFormat.scala:444) at org.apache.spark.sql.execution.datasources.parquet.ParquetFileFormat$.$anonfun$mergeSchemasInParallel$1(ParquetFileFormat.scala:494) at org.apache.spark.sql.execution.datasources.parquet.Par
3,48,26270,data/logs/network_cell_3_output_48.txt,"Lỗi thực sự tại file /kaggle/working/temp_extract/channel_1872324786.parquet: An error occurred while calling o2006299.parquet. : org.apache.spark.SparkException: Job aborted due to stage failure: Task 0 in stage 145323.0 failed 1 times, most recent failure: Lost task 0.0 in stage 145323.0 (TID 128151) (a08040911e95 executor driver): org.apache.spark.SparkException: Exception thrown in awaitResult: at org.apache.spark.util.SparkThreadUtils$.awaitResult(SparkThreadUtils.scala:53) at org.apache.spark.util.ThreadUtils$.awaitResult(ThreadUtils.scala:342) at org.apache.spark.util.ThreadUtils$.parmap(ThreadUtils.scala:419) at org.apache.spark.sql.execution.datasources.parquet.ParquetFileFormat$.re"
3,49,4534,data/logs/network_cell_3_output_49.txt,26/06/14 21:06:00 ERROR Executor: Exception in task 0.0 in stage 145523.0 (TID 128334) org.apache.spark.SparkException: Exception thrown in awaitResult: at org.apache.spark.util.SparkThreadUtils$.awaitResult(SparkThreadUtils.scala:53) at org.apache.spark.util.ThreadUtils$.awaitResult(ThreadUtils.scala:342) at org.apache.spark.util.ThreadUtils$.parmap(ThreadUtils.scala:419) at org.apache.spark.sql.execution.datasources.parquet.ParquetFileFormat$.readParquetFootersInParallel(ParquetFileFormat.scala:444) at org.apache.spark.sql.execution.datasources.parquet.ParquetFileFormat$.$anonfun$mergeSchemasInParallel$1(ParquetFileFormat.scala:494) at org.apache.spark.sql.execution.datasources.parquet.Par
3,50,26270,data/logs/network_cell_3_output_50.txt,"Lỗi thực sự tại file /kaggle/working/temp_extract/channel_1872608280.parquet: An error occurred while calling o2009015.parquet. : org.apache.spark.SparkException: Job aborted due to stage failure: Task 0 in stage 145523.0 failed 1 times, most recent failure: Lost task 0.0 in stage 145523.0 (TID 128334) (a08040911e95 executor driver): org.apache.spark.SparkException: Exception thrown in awaitResult: at org.apache.spark.util.SparkThreadUtils$.awaitResult(SparkThreadUtils.scala:53) at org.apache.spark.util.ThreadUtils$.awaitResult(ThreadUtils.scala:342) at org.apache.spark.util.ThreadUtils$.parmap(ThreadUtils.scala:419) at org.apache.spark.sql.execution.datasources.parquet.ParquetFileFormat$.re"
3,51,4534,data/logs/network_cell_3_output_51.txt,26/06/14 21:06:04 ERROR Executor: Exception in task 0.0 in stage 145572.0 (TID 128380) org.apache.spark.SparkException: Exception thrown in awaitResult: at org.apache.spark.util.SparkThreadUtils$.awaitResult(SparkThreadUtils.scala:53) at org.apache.spark.util.ThreadUtils$.awaitResult(ThreadUtils.scala:342) at org.apache.spark.util.ThreadUtils$.parmap(ThreadUtils.scala:419) at org.apache.spark.sql.execution.datasources.parquet.ParquetFileFormat$.readParquetFootersInParallel(ParquetFileFormat.scala:444) at org.apache.spark.sql.execution.datasources.parquet.ParquetFileFormat$.$anonfun$mergeSchemasInParallel$1(ParquetFileFormat.scala:494) at org.apache.spark.sql.execution.datasources.parquet.Par
3,52,26270,data/logs/network_cell_3_output_52.txt,"Lỗi thực sự tại file /kaggle/working/temp_extract/channel_1871577183.parquet: An error occurred while calling o2009672.parquet. : org.apache.spark.SparkException: Job aborted due to stage failure: Task 0 in stage 145572.0 failed 1 times, most recent failure: Lost task 0.0 in stage 145572.0 (TID 128380) (a08040911e95 executor driver): org.apache.spark.SparkException: Exception thrown in awaitResult: at org.apache.spark.util.SparkThreadUtils$.awaitResult(SparkThreadUtils.scala:53) at org.apache.spark.util.ThreadUtils$.awaitResult(ThreadUtils.scala:342) at org.apache.spark.util.ThreadUtils$.parmap(ThreadUtils.scala:419) at org.apache.spark.sql.execution.datasources.parquet.ParquetFileFormat$.re"
3,53,4534,data/logs/network_cell_3_output_53.txt,26/06/14 21:06:15 ERROR Executor: Exception in task 0.0 in stage 145724.0 (TID 128516) org.apache.spark.SparkException: Exception thrown in awaitResult: at org.apache.spark.util.SparkThreadUtils$.awaitResult(SparkThreadUtils.scala:53) at org.apache.spark.util.ThreadUtils$.awaitResult(ThreadUtils.scala:342) at org.apache.spark.util.ThreadUtils$.parmap(ThreadUtils.scala:419) at org.apache.spark.sql.execution.datasources.parquet.ParquetFileFormat$.readParquetFootersInParallel(ParquetFileFormat.scala:444) at org.apache.spark.sql.execution.datasources.parquet.ParquetFileFormat$.$anonfun$mergeSchemasInParallel$1(ParquetFileFormat.scala:494) at org.apache.spark.sql.execution.datasources.parquet.Par
3,54,26270,data/logs/network_cell_3_output_54.txt,"Lỗi thực sự tại file /kaggle/working/temp_extract/channel_1871255128.parquet: An error occurred while calling o2011757.parquet. : org.apache.spark.SparkException: Job aborted due to stage failure: Task 0 in stage 145724.0 failed 1 times, most recent failure: Lost task 0.0 in stage 145724.0 (TID 128516) (a08040911e95 executor driver): org.apache.spark.SparkException: Exception thrown in awaitResult: at org.apache.spark.util.SparkThreadUtils$.awaitResult(SparkThreadUtils.scala:53) at org.apache.spark.util.ThreadUtils$.awaitResult(ThreadUtils.scala:342) at org.apache.spark.util.ThreadUtils$.parmap(ThreadUtils.scala:419) at org.apache.spark.sql.execution.datasources.parquet.ParquetFileFormat$.re"
3,55,4534,data/logs/network_cell_3_output_55.txt,26/06/14 21:06:25 ERROR Executor: Exception in task 0.0 in stage 145863.0 (TID 128640) org.apache.spark.SparkException: Exception thrown in awaitResult: at org.apache.spark.util.SparkThreadUtils$.awaitResult(SparkThreadUtils.scala:53) at org.apache.spark.util.ThreadUtils$.awaitResult(ThreadUtils.scala:342) at org.apache.spark.util.ThreadUtils$.parmap(ThreadUtils.scala:419) at org.apache.spark.sql.execution.datasources.parquet.ParquetFileFormat$.readParquetFootersInParallel(ParquetFileFormat.scala:444) at org.apache.spark.sql.execution.datasources.parquet.ParquetFileFormat$.$anonfun$mergeSchemasInParallel$1(ParquetFileFormat.scala:494) at org.apache.spark.sql.execution.datasources.parquet.Par
3,56,26270,data/logs/network_cell_3_output_56.txt,"Lỗi thực sự tại file /kaggle/working/temp_extract/channel_1871172553.parquet: An error occurred while calling o2013629.parquet. : org.apache.spark.SparkException: Job aborted due to stage failure: Task 0 in stage 145863.0 failed 1 times, most recent failure: Lost task 0.0 in stage 145863.0 (TID 128640) (a08040911e95 executor driver): org.apache.spark.SparkException: Exception thrown in awaitResult: at org.apache.spark.util.SparkThreadUtils$.awaitResult(SparkThreadUtils.scala:53) at org.apache.spark.util.ThreadUtils$.awaitResult(ThreadUtils.scala:342) at org.apache.spark.util.ThreadUtils$.parmap(ThreadUtils.scala:419) at org.apache.spark.sql.execution.datasources.parquet.ParquetFileFormat$.re"
3,57,4534,data/logs/network_cell_3_output_57.txt,26/06/14 21:06:30 ERROR Executor: Exception in task 0.0 in stage 145923.0 (TID 128706) org.apache.spark.SparkException: Exception thrown in awaitResult: at org.apache.spark.util.SparkThreadUtils$.awaitResult(SparkThreadUtils.scala:53) at org.apache.spark.util.ThreadUtils$.awaitResult(ThreadUtils.scala:342) at org.apache.spark.util.ThreadUtils$.parmap(ThreadUtils.scala:419) at org.apache.spark.sql.execution.datasources.parquet.ParquetFileFormat$.readParquetFootersInParallel(ParquetFileFormat.scala:444) at org.apache.spark.sql.execution.datasources.parquet.ParquetFileFormat$.$anonfun$mergeSchemasInParallel$1(ParquetFileFormat.scala:494) at org.apache.spark.sql.execution.datasources.parquet.Par
3,58,26270,data/logs/network_cell_3_output_58.txt,"Lỗi thực sự tại file /kaggle/working/temp_extract/channel_1872141459.parquet: An error occurred while calling o2014458.parquet. : org.apache.spark.SparkException: Job aborted due to stage failure: Task 0 in stage 145923.0 failed 1 times, most recent failure: Lost task 0.0 in stage 145923.0 (TID 128706) (a08040911e95 executor driver): org.apache.spark.SparkException: Exception thrown in awaitResult: at org.apache.spark.util.SparkThreadUtils$.awaitResult(SparkThreadUtils.scala:53) at org.apache.spark.util.ThreadUtils$.awaitResult(ThreadUtils.scala:342) at org.apache.spark.util.ThreadUtils$.parmap(ThreadUtils.scala:419) at org.apache.spark.sql.execution.datasources.parquet.ParquetFileFormat$.re"
3,59,4534,data/logs/network_cell_3_output_59.txt,26/06/14 21:06:47 ERROR Executor: Exception in task 0.0 in stage 146162.0 (TID 128909) org.apache.spark.SparkException: Exception thrown in awaitResult: at org.apache.spark.util.SparkThreadUtils$.awaitResult(SparkThreadUtils.scala:53) at org.apache.spark.util.ThreadUtils$.awaitResult(ThreadUtils.scala:342) at org.apache.spark.util.ThreadUtils$.parmap(ThreadUtils.scala:419) at org.apache.spark.sql.execution.datasources.parquet.ParquetFileFormat$.readParquetFootersInParallel(ParquetFileFormat.scala:444) at org.apache.spark.sql.execution.datasources.parquet.ParquetFileFormat$.$anonfun$mergeSchemasInParallel$1(ParquetFileFormat.scala:494) at org.apache.spark.sql.execution.datasources.parquet.Par
3,60,26270,data/logs/network_cell_3_output_60.txt,"Lỗi thực sự tại file /kaggle/working/temp_extract/channel_1871923216.parquet: An error occurred while calling o2017832.parquet. : org.apache.spark.SparkException: Job aborted due to stage failure: Task 0 in stage 146162.0 failed 1 times, most recent failure: Lost task 0.0 in stage 146162.0 (TID 128909) (a08040911e95 executor driver): org.apache.spark.SparkException: Exception thrown in awaitResult: at org.apache.spark.util.SparkThreadUtils$.awaitResult(SparkThreadUtils.scala:53) at org.apache.spark.util.ThreadUtils$.awaitResult(ThreadUtils.scala:342) at org.apache.spark.util.ThreadUtils$.parmap(ThreadUtils.scala:419) at org.apache.spark.sql.execution.datasources.parquet.ParquetFileFormat$.re"
3,61,4534,data/logs/network_cell_3_output_61.txt,26/06/14 21:07:46 ERROR Executor: Exception in task 0.0 in stage 146944.0 (TID 129634) org.apache.spark.SparkException: Exception thrown in awaitResult: at org.apache.spark.util.SparkThreadUtils$.awaitResult(SparkThreadUtils.scala:53) at org.apache.spark.util.ThreadUtils$.awaitResult(ThreadUtils.scala:342) at org.apache.spark.util.ThreadUtils$.parmap(ThreadUtils.scala:419) at org.apache.spark.sql.execution.datasources.parquet.ParquetFileFormat$.readParquetFootersInParallel(ParquetFileFormat.scala:444) at org.apache.spark.sql.execution.datasources.parquet.ParquetFileFormat$.$anonfun$mergeSchemasInParallel$1(ParquetFileFormat.scala:494) at org.apache.spark.sql.execution.datasources.parquet.Par
3,62,26270,data/logs/network_cell_3_output_62.txt,"Lỗi thực sự tại file /kaggle/working/temp_extract/channel_1872454459.parquet: An error occurred while calling o2028831.parquet. : org.apache.spark.SparkException: Job aborted due to stage failure: Task 0 in stage 146944.0 failed 1 times, most recent failure: Lost task 0.0 in stage 146944.0 (TID 129634) (a08040911e95 executor driver): org.apache.spark.SparkException: Exception thrown in awaitResult: at org.apache.spark.util.SparkThreadUtils$.awaitResult(SparkThreadUtils.scala:53) at org.apache.spark.util.ThreadUtils$.awaitResult(ThreadUtils.scala:342) at org.apache.spark.util.ThreadUtils$.parmap(ThreadUtils.scala:419) at org.apache.spark.sql.execution.datasources.parquet.ParquetFileFormat$.re"
3,63,4534,data/logs/network_cell_3_output_63.txt,26/06/14 21:07:52 ERROR Executor: Exception in task 0.0 in stage 147024.0 (TID 129714) org.apache.spark.SparkException: Exception thrown in awaitResult: at org.apache.spark.util.SparkThreadUtils$.awaitResult(SparkThreadUtils.scala:53) at org.apache.spark.util.ThreadUtils$.awaitResult(ThreadUtils.scala:342) at org.apache.spark.util.ThreadUtils$.parmap(ThreadUtils.scala:419) at org.apache.spark.sql.execution.datasources.parquet.ParquetFileFormat$.readParquetFootersInParallel(ParquetFileFormat.scala:444) at org.apache.spark.sql.execution.datasources.parquet.ParquetFileFormat$.$anonfun$mergeSchemasInParallel$1(ParquetFileFormat.scala:494) at org.apache.spark.sql.execution.datasources.parquet.Par
3,64,26270,data/logs/network_cell_3_output_64.txt,"Lỗi thực sự tại file /kaggle/working/temp_extract/channel_1871860516.parquet: An error occurred while calling o2029881.parquet. : org.apache.spark.SparkException: Job aborted due to stage failure: Task 0 in stage 147024.0 failed 1 times, most recent failure: Lost task 0.0 in stage 147024.0 (TID 129714) (a08040911e95 executor driver): org.apache.spark.SparkException: Exception thrown in awaitResult: at org.apache.spark.util.SparkThreadUtils$.awaitResult(SparkThreadUtils.scala:53) at org.apache.spark.util.ThreadUtils$.awaitResult(ThreadUtils.scala:342) at org.apache.spark.util.ThreadUtils$.parmap(ThreadUtils.scala:419) at org.apache.spark.sql.execution.datasources.parquet.ParquetFileFormat$.re"
3,65,4534,data/logs/network_cell_3_output_65.txt,26/06/14 21:08:28 ERROR Executor: Exception in task 0.0 in stage 147502.0 (TID 130165) org.apache.spark.SparkException: Exception thrown in awaitResult: at org.apache.spark.util.SparkThreadUtils$.awaitResult(SparkThreadUtils.scala:53) at org.apache.spark.util.ThreadUtils$.awaitResult(ThreadUtils.scala:342) at org.apache.spark.util.ThreadUtils$.parmap(ThreadUtils.scala:419) at org.apache.spark.sql.execution.datasources.parquet.ParquetFileFormat$.readParquetFootersInParallel(ParquetFileFormat.scala:444) at org.apache.spark.sql.execution.datasources.parquet.ParquetFileFormat$.$anonfun$mergeSchemasInParallel$1(ParquetFileFormat.scala:494) at org.apache.spark.sql.execution.datasources.parquet.Par
3,66,26270,data/logs/network_cell_3_output_66.txt,"Lỗi thực sự tại file /kaggle/working/temp_extract/channel_1872217095.parquet: An error occurred while calling o2036639.parquet. : org.apache.spark.SparkException: Job aborted due to stage failure: Task 0 in stage 147502.0 failed 1 times, most recent failure: Lost task 0.0 in stage 147502.0 (TID 130165) (a08040911e95 executor driver): org.apache.spark.SparkException: Exception thrown in awaitResult: at org.apache.spark.util.SparkThreadUtils$.awaitResult(SparkThreadUtils.scala:53) at org.apache.spark.util.ThreadUtils$.awaitResult(ThreadUtils.scala:342) at org.apache.spark.util.ThreadUtils$.parmap(ThreadUtils.scala:419) at org.apache.spark.sql.execution.datasources.parquet.ParquetFileFormat$.re"
3,67,4534,data/logs/network_cell_3_output_67.txt,26/06/14 21:08:32 ERROR Executor: Exception in task 0.0 in stage 147566.0 (TID 130236) org.apache.spark.SparkException: Exception thrown in awaitResult: at org.apache.spark.util.SparkThreadUtils$.awaitResult(SparkThreadUtils.scala:53) at org.apache.spark.util.ThreadUtils$.awaitResult(ThreadUtils.scala:342) at org.apache.spark.util.ThreadUtils$.parmap(ThreadUtils.scala:419) at org.apache.spark.sql.execution.datasources.parquet.ParquetFileFormat$.readParquetFootersInParallel(ParquetFileFormat.scala:444) at org.apache.spark.sql.execution.datasources.parquet.ParquetFileFormat$.$anonfun$mergeSchemasInParallel$1(ParquetFileFormat.scala:494) at org.apache.spark.sql.execution.datasources.parquet.Par
3,68,26270,data/logs/network_cell_3_output_68.txt,"Lỗi thực sự tại file /kaggle/working/temp_extract/channel_1872046807.parquet: An error occurred while calling o2037468.parquet. : org.apache.spark.SparkException: Job aborted due to stage failure: Task 0 in stage 147566.0 failed 1 times, most recent failure: Lost task 0.0 in stage 147566.0 (TID 130236) (a08040911e95 executor driver): org.apache.spark.SparkException: Exception thrown in awaitResult: at org.apache.spark.util.SparkThreadUtils$.awaitResult(SparkThreadUtils.scala:53) at org.apache.spark.util.ThreadUtils$.awaitResult(ThreadUtils.scala:342) at org.apache.spark.util.ThreadUtils$.parmap(ThreadUtils.scala:419) at org.apache.spark.sql.execution.datasources.parquet.ParquetFileFormat$.re"
3,69,4534,data/logs/network_cell_3_output_69.txt,26/06/14 21:08:46 ERROR Executor: Exception in task 0.0 in stage 147761.0 (TID 130391) org.apache.spark.SparkException: Exception thrown in awaitResult: at org.apache.spark.util.SparkThreadUtils$.awaitResult(SparkThreadUtils.scala:53) at org.apache.spark.util.ThreadUtils$.awaitResult(ThreadUtils.scala:342) at org.apache.spark.util.ThreadUtils$.parmap(ThreadUtils.scala:419) at org.apache.spark.sql.execution.datasources.parquet.ParquetFileFormat$.readParquetFootersInParallel(ParquetFileFormat.scala:444) at org.apache.spark.sql.execution.datasources.parquet.ParquetFileFormat$.$anonfun$mergeSchemasInParallel$1(ParquetFileFormat.scala:494) at org.apache.spark.sql.execution.datasources.parquet.Par
3,70,26270,data/logs/network_cell_3_output_70.txt,"Lỗi thực sự tại file /kaggle/working/temp_extract/channel_1871430481.parquet: An error occurred while calling o2040192.parquet. : org.apache.spark.SparkException: Job aborted due to stage failure: Task 0 in stage 147761.0 failed 1 times, most recent failure: Lost task 0.0 in stage 147761.0 (TID 130391) (a08040911e95 executor driver): org.apache.spark.SparkException: Exception thrown in awaitResult: at org.apache.spark.util.SparkThreadUtils$.awaitResult(SparkThreadUtils.scala:53) at org.apache.spark.util.ThreadUtils$.awaitResult(ThreadUtils.scala:342) at org.apache.spark.util.ThreadUtils$.parmap(ThreadUtils.scala:419) at org.apache.spark.sql.execution.datasources.parquet.ParquetFileFormat$.re"
3,71,4534,data/logs/network_cell_3_output_71.txt,26/06/14 21:09:32 ERROR Executor: Exception in task 0.0 in stage 148419.0 (TID 130949) org.apache.spark.SparkException: Exception thrown in awaitResult: at org.apache.spark.util.SparkThreadUtils$.awaitResult(SparkThreadUtils.scala:53) at org.apache.spark.util.ThreadUtils$.awaitResult(ThreadUtils.scala:342) at org.apache.spark.util.ThreadUtils$.parmap(ThreadUtils.scala:419) at org.apache.spark.sql.execution.datasources.parquet.ParquetFileFormat$.readParquetFootersInParallel(ParquetFileFormat.scala:444) at org.apache.spark.sql.execution.datasources.parquet.ParquetFileFormat$.$anonfun$mergeSchemasInParallel$1(ParquetFileFormat.scala:494) at org.apache.spark.sql.execution.datasources.parquet.Par
3,72,26270,data/logs/network_cell_3_output_72.txt,"Lỗi thực sự tại file /kaggle/working/temp_extract/channel_1871322814.parquet: An error occurred while calling o2049292.parquet. : org.apache.spark.SparkException: Job aborted due to stage failure: Task 0 in stage 148419.0 failed 1 times, most recent failure: Lost task 0.0 in stage 148419.0 (TID 130949) (a08040911e95 executor driver): org.apache.spark.SparkException: Exception thrown in awaitResult: at org.apache.spark.util.SparkThreadUtils$.awaitResult(SparkThreadUtils.scala:53) at org.apache.spark.util.ThreadUtils$.awaitResult(ThreadUtils.scala:342) at org.apache.spark.util.ThreadUtils$.parmap(ThreadUtils.scala:419) at org.apache.spark.sql.execution.datasources.parquet.ParquetFileFormat$.re"
3,73,4534,data/logs/network_cell_3_output_73.txt,26/06/14 21:10:43 ERROR Executor: Exception in task 0.0 in stage 149404.0 (TID 131809) org.apache.spark.SparkException: Exception thrown in awaitResult: at org.apache.spark.util.SparkThreadUtils$.awaitResult(SparkThreadUtils.scala:53) at org.apache.spark.util.ThreadUtils$.awaitResult(ThreadUtils.scala:342) at org.apache.spark.util.ThreadUtils$.parmap(ThreadUtils.scala:419) at org.apache.spark.sql.execution.datasources.parquet.ParquetFileFormat$.readParquetFootersInParallel(ParquetFileFormat.scala:444) at org.apache.spark.sql.execution.datasources.parquet.ParquetFileFormat$.$anonfun$mergeSchemasInParallel$1(ParquetFileFormat.scala:494) at org.apache.spark.sql.execution.datasources.parquet.Par
3,74,26270,data/logs/network_cell_3_output_74.txt,"Lỗi thực sự tại file /kaggle/working/temp_extract/channel_1871610383.parquet: An error occurred while calling o2063076.parquet. : org.apache.spark.SparkException: Job aborted due to stage failure: Task 0 in stage 149404.0 failed 1 times, most recent failure: Lost task 0.0 in stage 149404.0 (TID 131809) (a08040911e95 executor driver): org.apache.spark.SparkException: Exception thrown in awaitResult: at org.apache.spark.util.SparkThreadUtils$.awaitResult(SparkThreadUtils.scala:53) at org.apache.spark.util.ThreadUtils$.awaitResult(ThreadUtils.scala:342) at org.apache.spark.util.ThreadUtils$.parmap(ThreadUtils.scala:419) at org.apache.spark.sql.execution.datasources.parquet.ParquetFileFormat$.re"
3,75,4534,data/logs/network_cell_3_output_75.txt,26/06/14 21:10:51 ERROR Executor: Exception in task 0.0 in stage 149507.0 (TID 131912) org.apache.spark.SparkException: Exception thrown in awaitResult: at org.apache.spark.util.SparkThreadUtils$.awaitResult(SparkThreadUtils.scala:53) at org.apache.spark.util.ThreadUtils$.awaitResult(ThreadUtils.scala:342) at org.apache.spark.util.ThreadUtils$.parmap(ThreadUtils.scala:419) at org.apache.spark.sql.execution.datasources.parquet.ParquetFileFormat$.readParquetFootersInParallel(ParquetFileFormat.scala:444) at org.apache.spark.sql.execution.datasources.parquet.ParquetFileFormat$.$anonfun$mergeSchemasInParallel$1(ParquetFileFormat.scala:494) at org.apache.spark.sql.execution.datasources.parquet.Par
3,76,26270,data/logs/network_cell_3_output_76.txt,"Lỗi thực sự tại file /kaggle/working/temp_extract/channel_1871991920.parquet: An error occurred while calling o2064462.parquet. : org.apache.spark.SparkException: Job aborted due to stage failure: Task 0 in stage 149507.0 failed 1 times, most recent failure: Lost task 0.0 in stage 149507.0 (TID 131912) (a08040911e95 executor driver): org.apache.spark.SparkException: Exception thrown in awaitResult: at org.apache.spark.util.SparkThreadUtils$.awaitResult(SparkThreadUtils.scala:53) at org.apache.spark.util.ThreadUtils$.awaitResult(ThreadUtils.scala:342) at org.apache.spark.util.ThreadUtils$.parmap(ThreadUtils.scala:419) at org.apache.spark.sql.execution.datasources.parquet.ParquetFileFormat$.re"
3,77,4534,data/logs/network_cell_3_output_77.txt,26/06/14 21:11:24 ERROR Executor: Exception in task 0.0 in stage 149973.0 (TID 132352) org.apache.spark.SparkException: Exception thrown in awaitResult: at org.apache.spark.util.SparkThreadUtils$.awaitResult(SparkThreadUtils.scala:53) at org.apache.spark.util.ThreadUtils$.awaitResult(ThreadUtils.scala:342) at org.apache.spark.util.ThreadUtils$.parmap(ThreadUtils.scala:419) at org.apache.spark.sql.execution.datasources.parquet.ParquetFileFormat$.readParquetFootersInParallel(ParquetFileFormat.scala:444) at org.apache.spark.sql.execution.datasources.parquet.ParquetFileFormat$.$anonfun$mergeSchemasInParallel$1(ParquetFileFormat.scala:494) at org.apache.spark.sql.execution.datasources.parquet.Par
3,78,26270,data/logs/network_cell_3_output_78.txt,"Lỗi thực sự tại file /kaggle/working/temp_extract/channel_1872692717.parquet: An error occurred while calling o2070785.parquet. : org.apache.spark.SparkException: Job aborted due to stage failure: Task 0 in stage 149973.0 failed 1 times, most recent failure: Lost task 0.0 in stage 149973.0 (TID 132352) (a08040911e95 executor driver): org.apache.spark.SparkException: Exception thrown in awaitResult: at org.apache.spark.util.SparkThreadUtils$.awaitResult(SparkThreadUtils.scala:53) at org.apache.spark.util.ThreadUtils$.awaitResult(ThreadUtils.scala:342) at org.apache.spark.util.ThreadUtils$.parmap(ThreadUtils.scala:419) at org.apache.spark.sql.execution.datasources.parquet.ParquetFileFormat$.re"
3,79,4534,data/logs/network_cell_3_output_79.txt,26/06/14 21:11:43 ERROR Executor: Exception in task 0.0 in stage 150237.0 (TID 132584) org.apache.spark.SparkException: Exception thrown in awaitResult: at org.apache.spark.util.SparkThreadUtils$.awaitResult(SparkThreadUtils.scala:53) at org.apache.spark.util.ThreadUtils$.awaitResult(ThreadUtils.scala:342) at org.apache.spark.util.ThreadUtils$.parmap(ThreadUtils.scala:419) at org.apache.spark.sql.execution.datasources.parquet.ParquetFileFormat$.readParquetFootersInParallel(ParquetFileFormat.scala:444) at org.apache.spark.sql.execution.datasources.parquet.ParquetFileFormat$.$anonfun$mergeSchemasInParallel$1(ParquetFileFormat.scala:494) at org.apache.spark.sql.execution.datasources.parquet.Par
3,80,26270,data/logs/network_cell_3_output_80.txt,"Lỗi thực sự tại file /kaggle/working/temp_extract/channel_1871308598.parquet: An error occurred while calling o2074473.parquet. : org.apache.spark.SparkException: Job aborted due to stage failure: Task 0 in stage 150237.0 failed 1 times, most recent failure: Lost task 0.0 in stage 150237.0 (TID 132584) (a08040911e95 executor driver): org.apache.spark.SparkException: Exception thrown in awaitResult: at org.apache.spark.util.SparkThreadUtils$.awaitResult(SparkThreadUtils.scala:53) at org.apache.spark.util.ThreadUtils$.awaitResult(ThreadUtils.scala:342) at org.apache.spark.util.ThreadUtils$.parmap(ThreadUtils.scala:419) at org.apache.spark.sql.execution.datasources.parquet.ParquetFileFormat$.re"
3,81,4534,data/logs/network_cell_3_output_81.txt,26/06/14 21:11:46 ERROR Executor: Exception in task 0.0 in stage 150270.0 (TID 132613) org.apache.spark.SparkException: Exception thrown in awaitResult: at org.apache.spark.util.SparkThreadUtils$.awaitResult(SparkThreadUtils.scala:53) at org.apache.spark.util.ThreadUtils$.awaitResult(ThreadUtils.scala:342) at org.apache.spark.util.ThreadUtils$.parmap(ThreadUtils.scala:419) at org.apache.spark.sql.execution.datasources.parquet.ParquetFileFormat$.readParquetFootersInParallel(ParquetFileFormat.scala:444) at org.apache.spark.sql.execution.datasources.parquet.ParquetFileFormat$.$anonfun$mergeSchemasInParallel$1(ParquetFileFormat.scala:494) at org.apache.spark.sql.execution.datasources.parquet.Par
3,82,26270,data/logs/network_cell_3_output_82.txt,"Lỗi thực sự tại file /kaggle/working/temp_extract/channel_1872148401.parquet: An error occurred while calling o2074947.parquet. : org.apache.spark.SparkException: Job aborted due to stage failure: Task 0 in stage 150270.0 failed 1 times, most recent failure: Lost task 0.0 in stage 150270.0 (TID 132613) (a08040911e95 executor driver): org.apache.spark.SparkException: Exception thrown in awaitResult: at org.apache.spark.util.SparkThreadUtils$.awaitResult(SparkThreadUtils.scala:53) at org.apache.spark.util.ThreadUtils$.awaitResult(ThreadUtils.scala:342) at org.apache.spark.util.ThreadUtils$.parmap(ThreadUtils.scala:419) at org.apache.spark.sql.execution.datasources.parquet.ParquetFileFormat$.re"
3,83,4534,data/logs/network_cell_3_output_83.txt,26/06/14 21:11:46 ERROR Executor: Exception in task 0.0 in stage 150271.0 (TID 132614) org.apache.spark.SparkException: Exception thrown in awaitResult: at org.apache.spark.util.SparkThreadUtils$.awaitResult(SparkThreadUtils.scala:53) at org.apache.spark.util.ThreadUtils$.awaitResult(ThreadUtils.scala:342) at org.apache.spark.util.ThreadUtils$.parmap(ThreadUtils.scala:419) at org.apache.spark.sql.execution.datasources.parquet.ParquetFileFormat$.readParquetFootersInParallel(ParquetFileFormat.scala:444) at org.apache.spark.sql.execution.datasources.parquet.ParquetFileFormat$.$anonfun$mergeSchemasInParallel$1(ParquetFileFormat.scala:494) at org.apache.spark.sql.execution.datasources.parquet.Par
3,84,26270,data/logs/network_cell_3_output_84.txt,"Lỗi thực sự tại file /kaggle/working/temp_extract/channel_1872602351.parquet: An error occurred while calling o2074954.parquet. : org.apache.spark.SparkException: Job aborted due to stage failure: Task 0 in stage 150271.0 failed 1 times, most recent failure: Lost task 0.0 in stage 150271.0 (TID 132614) (a08040911e95 executor driver): org.apache.spark.SparkException: Exception thrown in awaitResult: at org.apache.spark.util.SparkThreadUtils$.awaitResult(SparkThreadUtils.scala:53) at org.apache.spark.util.ThreadUtils$.awaitResult(ThreadUtils.scala:342) at org.apache.spark.util.ThreadUtils$.parmap(ThreadUtils.scala:419) at org.apache.spark.sql.execution.datasources.parquet.ParquetFileFormat$.re"
3,85,4534,data/logs/network_cell_3_output_85.txt,26/06/14 21:11:52 ERROR Executor: Exception in task 0.0 in stage 150346.0 (TID 132673) org.apache.spark.SparkException: Exception thrown in awaitResult: at org.apache.spark.util.SparkThreadUtils$.awaitResult(SparkThreadUtils.scala:53) at org.apache.spark.util.ThreadUtils$.awaitResult(ThreadUtils.scala:342) at org.apache.spark.util.ThreadUtils$.parmap(ThreadUtils.scala:419) at org.apache.spark.sql.execution.datasources.parquet.ParquetFileFormat$.readParquetFootersInParallel(ParquetFileFormat.scala:444) at org.apache.spark.sql.execution.datasources.parquet.ParquetFileFormat$.$anonfun$mergeSchemasInParallel$1(ParquetFileFormat.scala:494) at org.apache.spark.sql.execution.datasources.parquet.Par
3,86,26270,data/logs/network_cell_3_output_86.txt,"Lỗi thực sự tại file /kaggle/working/temp_extract/channel_1871164070.parquet: An error occurred while calling o2075974.parquet. : org.apache.spark.SparkException: Job aborted due to stage failure: Task 0 in stage 150346.0 failed 1 times, most recent failure: Lost task 0.0 in stage 150346.0 (TID 132673) (a08040911e95 executor driver): org.apache.spark.SparkException: Exception thrown in awaitResult: at org.apache.spark.util.SparkThreadUtils$.awaitResult(SparkThreadUtils.scala:53) at org.apache.spark.util.ThreadUtils$.awaitResult(ThreadUtils.scala:342) at org.apache.spark.util.ThreadUtils$.parmap(ThreadUtils.scala:419) at org.apache.spark.sql.execution.datasources.parquet.ParquetFileFormat$.re"
3,87,4534,data/logs/network_cell_3_output_87.txt,26/06/14 21:12:27 ERROR Executor: Exception in task 0.0 in stage 150836.0 (TID 133128) org.apache.spark.SparkException: Exception thrown in awaitResult: at org.apache.spark.util.SparkThreadUtils$.awaitResult(SparkThreadUtils.scala:53) at org.apache.spark.util.ThreadUtils$.awaitResult(ThreadUtils.scala:342) at org.apache.spark.util.ThreadUtils$.parmap(ThreadUtils.scala:419) at org.apache.spark.sql.execution.datasources.parquet.ParquetFileFormat$.readParquetFootersInParallel(ParquetFileFormat.scala:444) at org.apache.spark.sql.execution.datasources.parquet.ParquetFileFormat$.$anonfun$mergeSchemasInParallel$1(ParquetFileFormat.scala:494) at org.apache.spark.sql.execution.datasources.parquet.Par
3,88,26270,data/logs/network_cell_3_output_88.txt,"Lỗi thực sự tại file /kaggle/working/temp_extract/channel_1872631135.parquet: An error occurred while calling o2082663.parquet. : org.apache.spark.SparkException: Job aborted due to stage failure: Task 0 in stage 150836.0 failed 1 times, most recent failure: Lost task 0.0 in stage 150836.0 (TID 133128) (a08040911e95 executor driver): org.apache.spark.SparkException: Exception thrown in awaitResult: at org.apache.spark.util.SparkThreadUtils$.awaitResult(SparkThreadUtils.scala:53) at org.apache.spark.util.ThreadUtils$.awaitResult(ThreadUtils.scala:342) at org.apache.spark.util.ThreadUtils$.parmap(ThreadUtils.scala:419) at org.apache.spark.sql.execution.datasources.parquet.ParquetFileFormat$.re"
3,89,4534,data/logs/network_cell_3_output_89.txt,26/06/14 21:12:32 ERROR Executor: Exception in task 0.0 in stage 150914.0 (TID 133200) org.apache.spark.SparkException: Exception thrown in awaitResult: at org.apache.spark.util.SparkThreadUtils$.awaitResult(SparkThreadUtils.scala:53) at org.apache.spark.util.ThreadUtils$.awaitResult(ThreadUtils.scala:342) at org.apache.spark.util.ThreadUtils$.parmap(ThreadUtils.scala:419) at org.apache.spark.sql.execution.datasources.parquet.ParquetFileFormat$.readParquetFootersInParallel(ParquetFileFormat.scala:444) at org.apache.spark.sql.execution.datasources.parquet.ParquetFileFormat$.$anonfun$mergeSchemasInParallel$1(ParquetFileFormat.scala:494) at org.apache.spark.sql.execution.datasources.parquet.Par
3,90,26270,data/logs/network_cell_3_output_90.txt,"Lỗi thực sự tại file /kaggle/working/temp_extract/channel_1872612470.parquet: An error occurred while calling o2083672.parquet. : org.apache.spark.SparkException: Job aborted due to stage failure: Task 0 in stage 150914.0 failed 1 times, most recent failure: Lost task 0.0 in stage 150914.0 (TID 133200) (a08040911e95 executor driver): org.apache.spark.SparkException: Exception thrown in awaitResult: at org.apache.spark.util.SparkThreadUtils$.awaitResult(SparkThreadUtils.scala:53) at org.apache.spark.util.ThreadUtils$.awaitResult(ThreadUtils.scala:342) at org.apache.spark.util.ThreadUtils$.parmap(ThreadUtils.scala:419) at org.apache.spark.sql.execution.datasources.parquet.ParquetFileFormat$.re"
3,91,4534,data/logs/network_cell_3_output_91.txt,26/06/14 21:13:39 ERROR Executor: Exception in task 0.0 in stage 151831.0 (TID 134021) org.apache.spark.SparkException: Exception thrown in awaitResult: at org.apache.spark.util.SparkThreadUtils$.awaitResult(SparkThreadUtils.scala:53) at org.apache.spark.util.ThreadUtils$.awaitResult(ThreadUtils.scala:342) at org.apache.spark.util.ThreadUtils$.parmap(ThreadUtils.scala:419) at org.apache.spark.sql.execution.datasources.parquet.ParquetFileFormat$.readParquetFootersInParallel(ParquetFileFormat.scala:444) at org.apache.spark.sql.execution.datasources.parquet.ParquetFileFormat$.$anonfun$mergeSchemasInParallel$1(ParquetFileFormat.scala:494) at org.apache.spark.sql.execution.datasources.parquet.Par
3,92,26270,data/logs/network_cell_3_output_92.txt,"Lỗi thực sự tại file /kaggle/working/temp_extract/channel_1872014684.parquet: An error occurred while calling o2096503.parquet. : org.apache.spark.SparkException: Job aborted due to stage failure: Task 0 in stage 151831.0 failed 1 times, most recent failure: Lost task 0.0 in stage 151831.0 (TID 134021) (a08040911e95 executor driver): org.apache.spark.SparkException: Exception thrown in awaitResult: at org.apache.spark.util.SparkThreadUtils$.awaitResult(SparkThreadUtils.scala:53) at org.apache.spark.util.ThreadUtils$.awaitResult(ThreadUtils.scala:342) at org.apache.spark.util.ThreadUtils$.parmap(ThreadUtils.scala:419) at org.apache.spark.sql.execution.datasources.parquet.ParquetFileFormat$.re"
3,93,4534,data/logs/network_cell_3_output_93.txt,26/06/14 21:13:39 ERROR Executor: Exception in task 0.0 in stage 151832.0 (TID 134022) org.apache.spark.SparkException: Exception thrown in awaitResult: at org.apache.spark.util.SparkThreadUtils$.awaitResult(SparkThreadUtils.scala:53) at org.apache.spark.util.ThreadUtils$.awaitResult(ThreadUtils.scala:342) at org.apache.spark.util.ThreadUtils$.parmap(ThreadUtils.scala:419) at org.apache.spark.sql.execution.datasources.parquet.ParquetFileFormat$.readParquetFootersInParallel(ParquetFileFormat.scala:444) at org.apache.spark.sql.execution.datasources.parquet.ParquetFileFormat$.$anonfun$mergeSchemasInParallel$1(ParquetFileFormat.scala:494) at org.apache.spark.sql.execution.datasources.parquet.Par
3,94,26270,data/logs/network_cell_3_output_94.txt,"Lỗi thực sự tại file /kaggle/working/temp_extract/channel_1871983262.parquet: An error occurred while calling o2096510.parquet. : org.apache.spark.SparkException: Job aborted due to stage failure: Task 0 in stage 151832.0 failed 1 times, most recent failure: Lost task 0.0 in stage 151832.0 (TID 134022) (a08040911e95 executor driver): org.apache.spark.SparkException: Exception thrown in awaitResult: at org.apache.spark.util.SparkThreadUtils$.awaitResult(SparkThreadUtils.scala:53) at org.apache.spark.util.ThreadUtils$.awaitResult(ThreadUtils.scala:342) at org.apache.spark.util.ThreadUtils$.parmap(ThreadUtils.scala:419) at org.apache.spark.sql.execution.datasources.parquet.ParquetFileFormat$.re"
3,95,4534,data/logs/network_cell_3_output_95.txt,26/06/14 21:13:47 ERROR Executor: Exception in task 0.0 in stage 151936.0 (TID 134122) org.apache.spark.SparkException: Exception thrown in awaitResult: at org.apache.spark.util.SparkThreadUtils$.awaitResult(SparkThreadUtils.scala:53) at org.apache.spark.util.ThreadUtils$.awaitResult(ThreadUtils.scala:342) at org.apache.spark.util.ThreadUtils$.parmap(ThreadUtils.scala:419) at org.apache.spark.sql.execution.datasources.parquet.ParquetFileFormat$.readParquetFootersInParallel(ParquetFileFormat.scala:444) at org.apache.spark.sql.execution.datasources.parquet.ParquetFileFormat$.$anonfun$mergeSchemasInParallel$1(ParquetFileFormat.scala:494) at org.apache.spark.sql.execution.datasources.parquet.Par
3,96,26270,data/logs/network_cell_3_output_96.txt,"Lỗi thực sự tại file /kaggle/working/temp_extract/channel_1871661831.parquet: An error occurred while calling o2097926.parquet. : org.apache.spark.SparkException: Job aborted due to stage failure: Task 0 in stage 151936.0 failed 1 times, most recent failure: Lost task 0.0 in stage 151936.0 (TID 134122) (a08040911e95 executor driver): org.apache.spark.SparkException: Exception thrown in awaitResult: at org.apache.spark.util.SparkThreadUtils$.awaitResult(SparkThreadUtils.scala:53) at org.apache.spark.util.ThreadUtils$.awaitResult(ThreadUtils.scala:342) at org.apache.spark.util.ThreadUtils$.parmap(ThreadUtils.scala:419) at org.apache.spark.sql.execution.datasources.parquet.ParquetFileFormat$.re"
3,97,4534,data/logs/network_cell_3_output_97.txt,26/06/14 21:14:17 ERROR Executor: Exception in task 0.0 in stage 152310.0 (TID 134456) org.apache.spark.SparkException: Exception thrown in awaitResult: at org.apache.spark.util.SparkThreadUtils$.awaitResult(SparkThreadUtils.scala:53) at org.apache.spark.util.ThreadUtils$.awaitResult(ThreadUtils.scala:342) at org.apache.spark.util.ThreadUtils$.parmap(ThreadUtils.scala:419) at org.apache.spark.sql.execution.datasources.parquet.ParquetFileFormat$.readParquetFootersInParallel(ParquetFileFormat.scala:444) at org.apache.spark.sql.execution.datasources.parquet.ParquetFileFormat$.$anonfun$mergeSchemasInParallel$1(ParquetFileFormat.scala:494) at org.apache.spark.sql.execution.datasources.parquet.Par
3,98,26270,data/logs/network_cell_3_output_98.txt,"Lỗi thực sự tại file /kaggle/working/temp_extract/channel_1871706933.parquet: An error occurred while calling o2103264.parquet. : org.apache.spark.SparkException: Job aborted due to stage failure: Task 0 in stage 152310.0 failed 1 times, most recent failure: Lost task 0.0 in stage 152310.0 (TID 134456) (a08040911e95 executor driver): org.apache.spark.SparkException: Exception thrown in awaitResult: at org.apache.spark.util.SparkThreadUtils$.awaitResult(SparkThreadUtils.scala:53) at org.apache.spark.util.ThreadUtils$.awaitResult(ThreadUtils.scala:342) at org.apache.spark.util.ThreadUtils$.parmap(ThreadUtils.scala:419) at org.apache.spark.sql.execution.datasources.parquet.ParquetFileFormat$.re"
3,99,4534,data/logs/network_cell_3_output_99.txt,26/06/14 21:14:18 ERROR Executor: Exception in task 0.0 in stage 152321.0 (TID 134465) org.apache.spark.SparkException: Exception thrown in awaitResult: at org.apache.spark.util.SparkThreadUtils$.awaitResult(SparkThreadUtils.scala:53) at org.apache.spark.util.ThreadUtils$.awaitResult(ThreadUtils.scala:342) at org.apache.spark.util.ThreadUtils$.parmap(ThreadUtils.scala:419) at org.apache.spark.sql.execution.datasources.parquet.ParquetFileFormat$.readParquetFootersInParallel(ParquetFileFormat.scala:444) at org.apache.spark.sql.execution.datasources.parquet.ParquetFileFormat$.$anonfun$mergeSchemasInParallel$1(ParquetFileFormat.scala:494) at org.apache.spark.sql.execution.datasources.parquet.Par
3,100,26270,data/logs/network_cell_3_output_100.txt,"Lỗi thực sự tại file /kaggle/working/temp_extract/channel_1871835338.parquet: An error occurred while calling o2103413.parquet. : org.apache.spark.SparkException: Job aborted due to stage failure: Task 0 in stage 152321.0 failed 1 times, most recent failure: Lost task 0.0 in stage 152321.0 (TID 134465) (a08040911e95 executor driver): org.apache.spark.SparkException: Exception thrown in awaitResult: at org.apache.spark.util.SparkThreadUtils$.awaitResult(SparkThreadUtils.scala:53) at org.apache.spark.util.ThreadUtils$.awaitResult(ThreadUtils.scala:342) at org.apache.spark.util.ThreadUtils$.parmap(ThreadUtils.scala:419) at org.apache.spark.sql.execution.datasources.parquet.ParquetFileFormat$.re"
3,101,4534,data/logs/network_cell_3_output_101.txt,26/06/14 21:15:15 ERROR Executor: Exception in task 0.0 in stage 153039.0 (TID 135113) org.apache.spark.SparkException: Exception thrown in awaitResult: at org.apache.spark.util.SparkThreadUtils$.awaitResult(SparkThreadUtils.scala:53) at org.apache.spark.util.ThreadUtils$.awaitResult(ThreadUtils.scala:342) at org.apache.spark.util.ThreadUtils$.parmap(ThreadUtils.scala:419) at org.apache.spark.sql.execution.datasources.parquet.ParquetFileFormat$.readParquetFootersInParallel(ParquetFileFormat.scala:444) at org.apache.spark.sql.execution.datasources.parquet.ParquetFileFormat$.$anonfun$mergeSchemasInParallel$1(ParquetFileFormat.scala:494) at org.apache.spark.sql.execution.datasources.parquet.Par
3,102,26270,data/logs/network_cell_3_output_102.txt,"Lỗi thực sự tại file /kaggle/working/temp_extract/channel_1872673648.parquet: An error occurred while calling o2113453.parquet. : org.apache.spark.SparkException: Job aborted due to stage failure: Task 0 in stage 153039.0 failed 1 times, most recent failure: Lost task 0.0 in stage 153039.0 (TID 135113) (a08040911e95 executor driver): org.apache.spark.SparkException: Exception thrown in awaitResult: at org.apache.spark.util.SparkThreadUtils$.awaitResult(SparkThreadUtils.scala:53) at org.apache.spark.util.ThreadUtils$.awaitResult(ThreadUtils.scala:342) at org.apache.spark.util.ThreadUtils$.parmap(ThreadUtils.scala:419) at org.apache.spark.sql.execution.datasources.parquet.ParquetFileFormat$.re"
3,103,4534,data/logs/network_cell_3_output_103.txt,26/06/14 21:15:47 ERROR Executor: Exception in task 0.0 in stage 153500.0 (TID 135520) org.apache.spark.SparkException: Exception thrown in awaitResult: at org.apache.spark.util.SparkThreadUtils$.awaitResult(SparkThreadUtils.scala:53) at org.apache.spark.util.ThreadUtils$.awaitResult(ThreadUtils.scala:342) at org.apache.spark.util.ThreadUtils$.parmap(ThreadUtils.scala:419) at org.apache.spark.sql.execution.datasources.parquet.ParquetFileFormat$.readParquetFootersInParallel(ParquetFileFormat.scala:444) at org.apache.spark.sql.execution.datasources.parquet.ParquetFileFormat$.$anonfun$mergeSchemasInParallel$1(ParquetFileFormat.scala:494) at org.apache.spark.sql.execution.datasources.parquet.Par
3,104,26270,data/logs/network_cell_3_output_104.txt,"Lỗi thực sự tại file /kaggle/working/temp_extract/channel_1871848042.parquet: An error occurred while calling o2119765.parquet. : org.apache.spark.SparkException: Job aborted due to stage failure: Task 0 in stage 153500.0 failed 1 times, most recent failure: Lost task 0.0 in stage 153500.0 (TID 135520) (a08040911e95 executor driver): org.apache.spark.SparkException: Exception thrown in awaitResult: at org.apache.spark.util.SparkThreadUtils$.awaitResult(SparkThreadUtils.scala:53) at org.apache.spark.util.ThreadUtils$.awaitResult(ThreadUtils.scala:342) at org.apache.spark.util.ThreadUtils$.parmap(ThreadUtils.scala:419) at org.apache.spark.sql.execution.datasources.parquet.ParquetFileFormat$.re"
3,105,4534,data/logs/network_cell_3_output_105.txt,26/06/14 21:16:22 ERROR Executor: Exception in task 0.0 in stage 153966.0 (TID 135969) org.apache.spark.SparkException: Exception thrown in awaitResult: at org.apache.spark.util.SparkThreadUtils$.awaitResult(SparkThreadUtils.scala:53) at org.apache.spark.util.ThreadUtils$.awaitResult(ThreadUtils.scala:342) at org.apache.spark.util.ThreadUtils$.parmap(ThreadUtils.scala:419) at org.apache.spark.sql.execution.datasources.parquet.ParquetFileFormat$.readParquetFootersInParallel(ParquetFileFormat.scala:444) at org.apache.spark.sql.execution.datasources.parquet.ParquetFileFormat$.$anonfun$mergeSchemasInParallel$1(ParquetFileFormat.scala:494) at org.apache.spark.sql.execution.datasources.parquet.Par
3,106,26270,data/logs/network_cell_3_output_106.txt,"Lỗi thực sự tại file /kaggle/working/temp_extract/channel_1872519713.parquet: An error occurred while calling o2126214.parquet. : org.apache.spark.SparkException: Job aborted due to stage failure: Task 0 in stage 153966.0 failed 1 times, most recent failure: Lost task 0.0 in stage 153966.0 (TID 135969) (a08040911e95 executor driver): org.apache.spark.SparkException: Exception thrown in awaitResult: at org.apache.spark.util.SparkThreadUtils$.awaitResult(SparkThreadUtils.scala:53) at org.apache.spark.util.ThreadUtils$.awaitResult(ThreadUtils.scala:342) at org.apache.spark.util.ThreadUtils$.parmap(ThreadUtils.scala:419) at org.apache.spark.sql.execution.datasources.parquet.ParquetFileFormat$.re"
3,107,4534,data/logs/network_cell_3_output_107.txt,26/06/14 21:17:17 ERROR Executor: Exception in task 0.0 in stage 154727.0 (TID 136636) org.apache.spark.SparkException: Exception thrown in awaitResult: at org.apache.spark.util.SparkThreadUtils$.awaitResult(SparkThreadUtils.scala:53) at org.apache.spark.util.ThreadUtils$.awaitResult(ThreadUtils.scala:342) at org.apache.spark.util.ThreadUtils$.parmap(ThreadUtils.scala:419) at org.apache.spark.sql.execution.datasources.parquet.ParquetFileFormat$.readParquetFootersInParallel(ParquetFileFormat.scala:444) at org.apache.spark.sql.execution.datasources.parquet.ParquetFileFormat$.$anonfun$mergeSchemasInParallel$1(ParquetFileFormat.scala:494) at org.apache.spark.sql.execution.datasources.parquet.Par
3,108,26270,data/logs/network_cell_3_output_108.txt,"Lỗi thực sự tại file /kaggle/working/temp_extract/channel_1871613682.parquet: An error occurred while calling o2136937.parquet. : org.apache.spark.SparkException: Job aborted due to stage failure: Task 0 in stage 154727.0 failed 1 times, most recent failure: Lost task 0.0 in stage 154727.0 (TID 136636) (a08040911e95 executor driver): org.apache.spark.SparkException: Exception thrown in awaitResult: at org.apache.spark.util.SparkThreadUtils$.awaitResult(SparkThreadUtils.scala:53) at org.apache.spark.util.ThreadUtils$.awaitResult(ThreadUtils.scala:342) at org.apache.spark.util.ThreadUtils$.parmap(ThreadUtils.scala:419) at org.apache.spark.sql.execution.datasources.parquet.ParquetFileFormat$.re"
3,109,4534,data/logs/network_cell_3_output_109.txt,26/06/14 21:18:12 ERROR Executor: Exception in task 0.0 in stage 155490.0 (TID 137320) org.apache.spark.SparkException: Exception thrown in awaitResult: at org.apache.spark.util.SparkThreadUtils$.awaitResult(SparkThreadUtils.scala:53) at org.apache.spark.util.ThreadUtils$.awaitResult(ThreadUtils.scala:342) at org.apache.spark.util.ThreadUtils$.parmap(ThreadUtils.scala:419) at org.apache.spark.sql.execution.datasources.parquet.ParquetFileFormat$.readParquetFootersInParallel(ParquetFileFormat.scala:444) at org.apache.spark.sql.execution.datasources.parquet.ParquetFileFormat$.$anonfun$mergeSchemasInParallel$1(ParquetFileFormat.scala:494) at org.apache.spark.sql.execution.datasources.parquet.Par
3,110,26270,data/logs/network_cell_3_output_110.txt,"Lỗi thực sự tại file /kaggle/working/temp_extract/channel_1871415737.parquet: An error occurred while calling o2147493.parquet. : org.apache.spark.SparkException: Job aborted due to stage failure: Task 0 in stage 155490.0 failed 1 times, most recent failure: Lost task 0.0 in stage 155490.0 (TID 137320) (a08040911e95 executor driver): org.apache.spark.SparkException: Exception thrown in awaitResult: at org.apache.spark.util.SparkThreadUtils$.awaitResult(SparkThreadUtils.scala:53) at org.apache.spark.util.ThreadUtils$.awaitResult(ThreadUtils.scala:342) at org.apache.spark.util.ThreadUtils$.parmap(ThreadUtils.scala:419) at org.apache.spark.sql.execution.datasources.parquet.ParquetFileFormat$.re"
3,111,4534,data/logs/network_cell_3_output_111.txt,26/06/14 21:18:13 ERROR Executor: Exception in task 0.0 in stage 155503.0 (TID 137331) org.apache.spark.SparkException: Exception thrown in awaitResult: at org.apache.spark.util.SparkThreadUtils$.awaitResult(SparkThreadUtils.scala:53) at org.apache.spark.util.ThreadUtils$.awaitResult(ThreadUtils.scala:342) at org.apache.spark.util.ThreadUtils$.parmap(ThreadUtils.scala:419) at org.apache.spark.sql.execution.datasources.parquet.ParquetFileFormat$.readParquetFootersInParallel(ParquetFileFormat.scala:444) at org.apache.spark.sql.execution.datasources.parquet.ParquetFileFormat$.$anonfun$mergeSchemasInParallel$1(ParquetFileFormat.scala:494) at org.apache.spark.sql.execution.datasources.parquet.Par
3,112,26270,data/logs/network_cell_3_output_112.txt,"Lỗi thực sự tại file /kaggle/working/temp_extract/channel_1871695384.parquet: An error occurred while calling o2147683.parquet. : org.apache.spark.SparkException: Job aborted due to stage failure: Task 0 in stage 155503.0 failed 1 times, most recent failure: Lost task 0.0 in stage 155503.0 (TID 137331) (a08040911e95 executor driver): org.apache.spark.SparkException: Exception thrown in awaitResult: at org.apache.spark.util.SparkThreadUtils$.awaitResult(SparkThreadUtils.scala:53) at org.apache.spark.util.ThreadUtils$.awaitResult(ThreadUtils.scala:342) at org.apache.spark.util.ThreadUtils$.parmap(ThreadUtils.scala:419) at org.apache.spark.sql.execution.datasources.parquet.ParquetFileFormat$.re"
3,113,4534,data/logs/network_cell_3_output_113.txt,26/06/14 21:18:45 ERROR Executor: Exception in task 0.0 in stage 155931.0 (TID 137739) org.apache.spark.SparkException: Exception thrown in awaitResult: at org.apache.spark.util.SparkThreadUtils$.awaitResult(SparkThreadUtils.scala:53) at org.apache.spark.util.ThreadUtils$.awaitResult(ThreadUtils.scala:342) at org.apache.spark.util.ThreadUtils$.parmap(ThreadUtils.scala:419) at org.apache.spark.sql.execution.datasources.parquet.ParquetFileFormat$.readParquetFootersInParallel(ParquetFileFormat.scala:444) at org.apache.spark.sql.execution.datasources.parquet.ParquetFileFormat$.$anonfun$mergeSchemasInParallel$1(ParquetFileFormat.scala:494) at org.apache.spark.sql.execution.datasources.parquet.Par
3,114,26270,data/logs/network_cell_3_output_114.txt,"Lỗi thực sự tại file /kaggle/working/temp_extract/channel_1872375511.parquet: An error occurred while calling o2153668.parquet. : org.apache.spark.SparkException: Job aborted due to stage failure: Task 0 in stage 155931.0 failed 1 times, most recent failure: Lost task 0.0 in stage 155931.0 (TID 137739) (a08040911e95 executor driver): org.apache.spark.SparkException: Exception thrown in awaitResult: at org.apache.spark.util.SparkThreadUtils$.awaitResult(SparkThreadUtils.scala:53) at org.apache.spark.util.ThreadUtils$.awaitResult(ThreadUtils.scala:342) at org.apache.spark.util.ThreadUtils$.parmap(ThreadUtils.scala:419) at org.apache.spark.sql.execution.datasources.parquet.ParquetFileFormat$.re"
3,115,4534,data/logs/network_cell_3_output_115.txt,26/06/14 21:18:46 ERROR Executor: Exception in task 0.0 in stage 155948.0 (TID 137752) org.apache.spark.SparkException: Exception thrown in awaitResult: at org.apache.spark.util.SparkThreadUtils$.awaitResult(SparkThreadUtils.scala:53) at org.apache.spark.util.ThreadUtils$.awaitResult(ThreadUtils.scala:342) at org.apache.spark.util.ThreadUtils$.parmap(ThreadUtils.scala:419) at org.apache.spark.sql.execution.datasources.parquet.ParquetFileFormat$.readParquetFootersInParallel(ParquetFileFormat.scala:444) at org.apache.spark.sql.execution.datasources.parquet.ParquetFileFormat$.$anonfun$mergeSchemasInParallel$1(ParquetFileFormat.scala:494) at org.apache.spark.sql.execution.datasources.parquet.Par
3,116,26270,data/logs/network_cell_3_output_116.txt,"Lỗi thực sự tại file /kaggle/working/temp_extract/channel_1871083460.parquet: An error occurred while calling o2153877.parquet. : org.apache.spark.SparkException: Job aborted due to stage failure: Task 0 in stage 155948.0 failed 1 times, most recent failure: Lost task 0.0 in stage 155948.0 (TID 137752) (a08040911e95 executor driver): org.apache.spark.SparkException: Exception thrown in awaitResult: at org.apache.spark.util.SparkThreadUtils$.awaitResult(SparkThreadUtils.scala:53) at org.apache.spark.util.ThreadUtils$.awaitResult(ThreadUtils.scala:342) at org.apache.spark.util.ThreadUtils$.parmap(ThreadUtils.scala:419) at org.apache.spark.sql.execution.datasources.parquet.ParquetFileFormat$.re"
3,117,4534,data/logs/network_cell_3_output_117.txt,26/06/14 21:19:24 ERROR Executor: Exception in task 0.0 in stage 156452.0 (TID 138198) org.apache.spark.SparkException: Exception thrown in awaitResult: at org.apache.spark.util.SparkThreadUtils$.awaitResult(SparkThreadUtils.scala:53) at org.apache.spark.util.ThreadUtils$.awaitResult(ThreadUtils.scala:342) at org.apache.spark.util.ThreadUtils$.parmap(ThreadUtils.scala:419) at org.apache.spark.sql.execution.datasources.parquet.ParquetFileFormat$.readParquetFootersInParallel(ParquetFileFormat.scala:444) at org.apache.spark.sql.execution.datasources.parquet.ParquetFileFormat$.$anonfun$mergeSchemasInParallel$1(ParquetFileFormat.scala:494) at org.apache.spark.sql.execution.datasources.parquet.Par
3,118,26270,data/logs/network_cell_3_output_118.txt,"Lỗi thực sự tại file /kaggle/working/temp_extract/channel_1871463180.parquet: An error occurred while calling o2161168.parquet. : org.apache.spark.SparkException: Job aborted due to stage failure: Task 0 in stage 156452.0 failed 1 times, most recent failure: Lost task 0.0 in stage 156452.0 (TID 138198) (a08040911e95 executor driver): org.apache.spark.SparkException: Exception thrown in awaitResult: at org.apache.spark.util.SparkThreadUtils$.awaitResult(SparkThreadUtils.scala:53) at org.apache.spark.util.ThreadUtils$.awaitResult(ThreadUtils.scala:342) at org.apache.spark.util.ThreadUtils$.parmap(ThreadUtils.scala:419) at org.apache.spark.sql.execution.datasources.parquet.ParquetFileFormat$.re"
3,119,4534,data/logs/network_cell_3_output_119.txt,26/06/14 21:19:25 ERROR Executor: Exception in task 0.0 in stage 156467.0 (TID 138211) org.apache.spark.SparkException: Exception thrown in awaitResult: at org.apache.spark.util.SparkThreadUtils$.awaitResult(SparkThreadUtils.scala:53) at org.apache.spark.util.ThreadUtils$.awaitResult(ThreadUtils.scala:342) at org.apache.spark.util.ThreadUtils$.parmap(ThreadUtils.scala:419) at org.apache.spark.sql.execution.datasources.parquet.ParquetFileFormat$.readParquetFootersInParallel(ParquetFileFormat.scala:444) at org.apache.spark.sql.execution.datasources.parquet.ParquetFileFormat$.$anonfun$mergeSchemasInParallel$1(ParquetFileFormat.scala:494) at org.apache.spark.sql.execution.datasources.parquet.Par
3,120,26270,data/logs/network_cell_3_output_120.txt,"Lỗi thực sự tại file /kaggle/working/temp_extract/channel_1872014306.parquet: An error occurred while calling o2161399.parquet. : org.apache.spark.SparkException: Job aborted due to stage failure: Task 0 in stage 156467.0 failed 1 times, most recent failure: Lost task 0.0 in stage 156467.0 (TID 138211) (a08040911e95 executor driver): org.apache.spark.SparkException: Exception thrown in awaitResult: at org.apache.spark.util.SparkThreadUtils$.awaitResult(SparkThreadUtils.scala:53) at org.apache.spark.util.ThreadUtils$.awaitResult(ThreadUtils.scala:342) at org.apache.spark.util.ThreadUtils$.parmap(ThreadUtils.scala:419) at org.apache.spark.sql.execution.datasources.parquet.ParquetFileFormat$.re"
3,121,4534,data/logs/network_cell_3_output_121.txt,26/06/14 21:19:36 ERROR Executor: Exception in task 0.0 in stage 156623.0 (TID 138351) org.apache.spark.SparkException: Exception thrown in awaitResult: at org.apache.spark.util.SparkThreadUtils$.awaitResult(SparkThreadUtils.scala:53) at org.apache.spark.util.ThreadUtils$.awaitResult(ThreadUtils.scala:342) at org.apache.spark.util.ThreadUtils$.parmap(ThreadUtils.scala:419) at org.apache.spark.sql.execution.datasources.parquet.ParquetFileFormat$.readParquetFootersInParallel(ParquetFileFormat.scala:444) at org.apache.spark.sql.execution.datasources.parquet.ParquetFileFormat$.$anonfun$mergeSchemasInParallel$1(ParquetFileFormat.scala:494) at org.apache.spark.sql.execution.datasources.parquet.Par
3,122,26270,data/logs/network_cell_3_output_122.txt,"Lỗi thực sự tại file /kaggle/working/temp_extract/channel_1872339022.parquet: An error occurred while calling o2163503.parquet. : org.apache.spark.SparkException: Job aborted due to stage failure: Task 0 in stage 156623.0 failed 1 times, most recent failure: Lost task 0.0 in stage 156623.0 (TID 138351) (a08040911e95 executor driver): org.apache.spark.SparkException: Exception thrown in awaitResult: at org.apache.spark.util.SparkThreadUtils$.awaitResult(SparkThreadUtils.scala:53) at org.apache.spark.util.ThreadUtils$.awaitResult(ThreadUtils.scala:342) at org.apache.spark.util.ThreadUtils$.parmap(ThreadUtils.scala:419) at org.apache.spark.sql.execution.datasources.parquet.ParquetFileFormat$.re"
3,123,4534,data/logs/network_cell_3_output_123.txt,26/06/14 21:20:03 ERROR Executor: Exception in task 0.0 in stage 156996.0 (TID 138660) org.apache.spark.SparkException: Exception thrown in awaitResult: at org.apache.spark.util.SparkThreadUtils$.awaitResult(SparkThreadUtils.scala:53) at org.apache.spark.util.ThreadUtils$.awaitResult(ThreadUtils.scala:342) at org.apache.spark.util.ThreadUtils$.parmap(ThreadUtils.scala:419) at org.apache.spark.sql.execution.datasources.parquet.ParquetFileFormat$.readParquetFootersInParallel(ParquetFileFormat.scala:444) at org.apache.spark.sql.execution.datasources.parquet.ParquetFileFormat$.$anonfun$mergeSchemasInParallel$1(ParquetFileFormat.scala:494) at org.apache.spark.sql.execution.datasources.parquet.Par
3,124,26270,data/logs/network_cell_3_output_124.txt,"Lỗi thực sự tại file /kaggle/working/temp_extract/channel_1871697115.parquet: An error occurred while calling o2168723.parquet. : org.apache.spark.SparkException: Job aborted due to stage failure: Task 0 in stage 156996.0 failed 1 times, most recent failure: Lost task 0.0 in stage 156996.0 (TID 138660) (a08040911e95 executor driver): org.apache.spark.SparkException: Exception thrown in awaitResult: at org.apache.spark.util.SparkThreadUtils$.awaitResult(SparkThreadUtils.scala:53) at org.apache.spark.util.ThreadUtils$.awaitResult(ThreadUtils.scala:342) at org.apache.spark.util.ThreadUtils$.parmap(ThreadUtils.scala:419) at org.apache.spark.sql.execution.datasources.parquet.ParquetFileFormat$.re"
3,125,4534,data/logs/network_cell_3_output_125.txt,26/06/14 21:20:19 ERROR Executor: Exception in task 0.0 in stage 157233.0 (TID 138849) org.apache.spark.SparkException: Exception thrown in awaitResult: at org.apache.spark.util.SparkThreadUtils$.awaitResult(SparkThreadUtils.scala:53) at org.apache.spark.util.ThreadUtils$.awaitResult(ThreadUtils.scala:342) at org.apache.spark.util.ThreadUtils$.parmap(ThreadUtils.scala:419) at org.apache.spark.sql.execution.datasources.parquet.ParquetFileFormat$.readParquetFootersInParallel(ParquetFileFormat.scala:444) at org.apache.spark.sql.execution.datasources.parquet.ParquetFileFormat$.$anonfun$mergeSchemasInParallel$1(ParquetFileFormat.scala:494) at org.apache.spark.sql.execution.datasources.parquet.Par
3,126,26270,data/logs/network_cell_3_output_126.txt,"Lỗi thực sự tại file /kaggle/working/temp_extract/channel_1872629457.parquet: An error occurred while calling o2171974.parquet. : org.apache.spark.SparkException: Job aborted due to stage failure: Task 0 in stage 157233.0 failed 1 times, most recent failure: Lost task 0.0 in stage 157233.0 (TID 138849) (a08040911e95 executor driver): org.apache.spark.SparkException: Exception thrown in awaitResult: at org.apache.spark.util.SparkThreadUtils$.awaitResult(SparkThreadUtils.scala:53) at org.apache.spark.util.ThreadUtils$.awaitResult(ThreadUtils.scala:342) at org.apache.spark.util.ThreadUtils$.parmap(ThreadUtils.scala:419) at org.apache.spark.sql.execution.datasources.parquet.ParquetFileFormat$.re"
3,127,4534,data/logs/network_cell_3_output_127.txt,26/06/14 21:20:21 ERROR Executor: Exception in task 0.0 in stage 157250.0 (TID 138864) org.apache.spark.SparkException: Exception thrown in awaitResult: at org.apache.spark.util.SparkThreadUtils$.awaitResult(SparkThreadUtils.scala:53) at org.apache.spark.util.ThreadUtils$.awaitResult(ThreadUtils.scala:342) at org.apache.spark.util.ThreadUtils$.parmap(ThreadUtils.scala:419) at org.apache.spark.sql.execution.datasources.parquet.ParquetFileFormat$.readParquetFootersInParallel(ParquetFileFormat.scala:444) at org.apache.spark.sql.execution.datasources.parquet.ParquetFileFormat$.$anonfun$mergeSchemasInParallel$1(ParquetFileFormat.scala:494) at org.apache.spark.sql.execution.datasources.parquet.Par
3,128,26270,data/logs/network_cell_3_output_128.txt,"Lỗi thực sự tại file /kaggle/working/temp_extract/channel_1872709748.parquet: An error occurred while calling o2172246.parquet. : org.apache.spark.SparkException: Job aborted due to stage failure: Task 0 in stage 157250.0 failed 1 times, most recent failure: Lost task 0.0 in stage 157250.0 (TID 138864) (a08040911e95 executor driver): org.apache.spark.SparkException: Exception thrown in awaitResult: at org.apache.spark.util.SparkThreadUtils$.awaitResult(SparkThreadUtils.scala:53) at org.apache.spark.util.ThreadUtils$.awaitResult(ThreadUtils.scala:342) at org.apache.spark.util.ThreadUtils$.parmap(ThreadUtils.scala:419) at org.apache.spark.sql.execution.datasources.parquet.ParquetFileFormat$.re"
3,129,4534,data/logs/network_cell_3_output_129.txt,26/06/14 21:20:48 ERROR Executor: Exception in task 0.0 in stage 157632.0 (TID 139199) org.apache.spark.SparkException: Exception thrown in awaitResult: at org.apache.spark.util.SparkThreadUtils$.awaitResult(SparkThreadUtils.scala:53) at org.apache.spark.util.ThreadUtils$.awaitResult(ThreadUtils.scala:342) at org.apache.spark.util.ThreadUtils$.parmap(ThreadUtils.scala:419) at org.apache.spark.sql.execution.datasources.parquet.ParquetFileFormat$.readParquetFootersInParallel(ParquetFileFormat.scala:444) at org.apache.spark.sql.execution.datasources.parquet.ParquetFileFormat$.$anonfun$mergeSchemasInParallel$1(ParquetFileFormat.scala:494) at org.apache.spark.sql.execution.datasources.parquet.Par
3,130,26270,data/logs/network_cell_3_output_130.txt,"Lỗi thực sự tại file /kaggle/working/temp_extract/channel_1872715674.parquet: An error occurred while calling o2177452.parquet. : org.apache.spark.SparkException: Job aborted due to stage failure: Task 0 in stage 157632.0 failed 1 times, most recent failure: Lost task 0.0 in stage 157632.0 (TID 139199) (a08040911e95 executor driver): org.apache.spark.SparkException: Exception thrown in awaitResult: at org.apache.spark.util.SparkThreadUtils$.awaitResult(SparkThreadUtils.scala:53) at org.apache.spark.util.ThreadUtils$.awaitResult(ThreadUtils.scala:342) at org.apache.spark.util.ThreadUtils$.parmap(ThreadUtils.scala:419) at org.apache.spark.sql.execution.datasources.parquet.ParquetFileFormat$.re"
3,131,4534,data/logs/network_cell_3_output_131.txt,26/06/14 21:20:53 ERROR Executor: Exception in task 0.0 in stage 157710.0 (TID 139279) org.apache.spark.SparkException: Exception thrown in awaitResult: at org.apache.spark.util.SparkThreadUtils$.awaitResult(SparkThreadUtils.scala:53) at org.apache.spark.util.ThreadUtils$.awaitResult(ThreadUtils.scala:342) at org.apache.spark.util.ThreadUtils$.parmap(ThreadUtils.scala:419) at org.apache.spark.sql.execution.datasources.parquet.ParquetFileFormat$.readParquetFootersInParallel(ParquetFileFormat.scala:444) at org.apache.spark.sql.execution.datasources.parquet.ParquetFileFormat$.$anonfun$mergeSchemasInParallel$1(ParquetFileFormat.scala:494) at org.apache.spark.sql.execution.datasources.parquet.Par
3,132,26560,data/logs/network_cell_3_output_132.txt,"Lỗi thực sự tại file /kaggle/working/temp_extract/channel_1871917130.parquet: An error occurred while calling o2178505.parquet. : org.apache.spark.SparkException: Job aborted due to stage failure: Task 0 in stage 157710.0 failed 1 times, most recent failure: Lost task 0.0 in stage 157710.0 (TID 139279) (a08040911e95 executor driver): org.apache.spark.SparkException: Exception thrown in awaitResult: at org.apache.spark.util.SparkThreadUtils$.awaitResult(SparkThreadUtils.scala:53) at org.apache.spark.util.ThreadUtils$.awaitResult(ThreadUtils.scala:342) at org.apache.spark.util.ThreadUtils$.parmap(ThreadUtils.scala:419) at org.apache.spark.sql.execution.datasources.parquet.ParquetFileFormat$.re"
3,133,4609,data/logs/network_cell_3_output_133.txt,26/06/14 22:06:12 ERROR Executor: Exception in task 0.0 in stage 190271.0 (TID 167662) org.apache.spark.SparkException: Exception thrown in awaitResult: at org.apache.spark.util.SparkThreadUtils$.awaitResult(SparkThreadUtils.scala:53) at org.apache.spark.util.ThreadUtils$.awaitResult(ThreadUtils.scala:342) at org.apache.spark.util.ThreadUtils$.parmap(ThreadUtils.scala:419) at org.apache.spark.sql.execution.datasources.parquet.ParquetFileFormat$.readParquetFootersInParallel(ParquetFileFormat.scala:444) at org.apache.spark.sql.execution.datasources.parquet.ParquetFileFormat$.$anonfun$mergeSchemasInParallel$1(ParquetFileFormat.scala:494) at org.apache.spark.sql.execution.datasources.parquet.Par
3,134,26440,data/logs/network_cell_3_output_134.txt,"Lỗi thực sự tại file /kaggle/working/temp_extract/channels_20_parquet/channel_2000420557.parquet: An error occurred while calling o2640551.parquet. : org.apache.spark.SparkException: Job aborted due to stage failure: Task 0 in stage 190271.0 failed 1 times, most recent failure: Lost task 0.0 in stage 190271.0 (TID 167662) (a08040911e95 executor driver): org.apache.spark.SparkException: Exception thrown in awaitResult: at org.apache.spark.util.SparkThreadUtils$.awaitResult(SparkThreadUtils.scala:53) at org.apache.spark.util.ThreadUtils$.awaitResult(ThreadUtils.scala:342) at org.apache.spark.util.ThreadUtils$.parmap(ThreadUtils.scala:419) at org.apache.spark.sql.execution.datasources.parquet.P"
3,135,4609,data/logs/network_cell_3_output_135.txt,26/06/14 22:12:36 ERROR Executor: Exception in task 0.0 in stage 195021.0 (TID 171778) org.apache.spark.SparkException: Exception thrown in awaitResult: at org.apache.spark.util.SparkThreadUtils$.awaitResult(SparkThreadUtils.scala:53) at org.apache.spark.util.ThreadUtils$.awaitResult(ThreadUtils.scala:342) at org.apache.spark.util.ThreadUtils$.parmap(ThreadUtils.scala:419) at org.apache.spark.sql.execution.datasources.parquet.ParquetFileFormat$.readParquetFootersInParallel(ParquetFileFormat.scala:444) at org.apache.spark.sql.execution.datasources.parquet.ParquetFileFormat$.$anonfun$mergeSchemasInParallel$1(ParquetFileFormat.scala:494) at org.apache.spark.sql.execution.datasources.parquet.Par
3,136,27081,data/logs/network_cell_3_output_136.txt,"Lỗi thực sự tại file /kaggle/working/temp_extract/channels_20_parquet/channel_2002002144.parquet: An error occurred while calling o2709048.parquet. : org.apache.spark.SparkException: Job aborted due to stage failure: Task 0 in stage 195021.0 failed 1 times, most recent failure: Lost task 0.0 in stage 195021.0 (TID 171778) (a08040911e95 executor driver): org.apache.spark.SparkException: Exception thrown in awaitResult: at org.apache.spark.util.SparkThreadUtils$.awaitResult(SparkThreadUtils.scala:53) at org.apache.spark.util.ThreadUtils$.awaitResult(ThreadUtils.scala:342) at org.apache.spark.util.ThreadUtils$.parmap(ThreadUtils.scala:419) at org.apache.spark.sql.execution.datasources.parquet.P"
4,1,51,data/logs/network_cell_4_output_1.txt,Number of edges: 778644 Number of profiles: 366230
5,0,263,data/logs/network_cell_5_output_0.txt,Top 5 channels have the highest pagerank from_id pagerank 286540 0.573575 227019 channel_1179270258 0.004608 103181 channel_1758820844 0.002487 114644 channel_1136479756 0.002456 209976 channel_1390659157 0.001600
6,0,23,data/logs/network_cell_6_output_0.txt,Found 5988 communities
7,0,5,data/logs/network_cell_7_output_0.txt,Done
