cluster_key,cluster_id,channel_keys,channel_keys_sample,channel_count,message_count,messages_per_channel,toxicity_mean,toxicity_max,toxicity_std,severe_toxicity_mean,severe_toxicity_max,identity_attack_mean,identity_attack_max,insult_mean,insult_max,profanity_mean,profanity_max,threat_mean,threat_max,political_mean,content_length_mean,word_count_mean,forwards_sum,forwards_mean,forwards_max,forwards_per_channel,toxic_rate,threat_rate,severe_rate,high_amplification,amplification_score,observed_amplification_score,risk_level,observed_risk_level
cluster_14,14,"['channel_1408988846' 'channel_1493281246' 'channel_1428093864' ...
 'channel_1488143600' 'channel_1439805450' 'channel_1443540143']","['channel_1408988846' 'channel_1493281246' 'channel_1428093864'
 'channel_1438242120' 'channel_1418786314' 'channel_1413682938'
 'channel_1482198482' 'channel_1410798000' 'channel_1480856656'
 'channel_1476891748' 'channel_1406013923' 'channel_1433899100'
 'channel_1425436024' 'channel_1476235808' 'channel_1495205573'
 'channel_1433698461' 'channel_1405729977' 'channel_1429863268'
 'channel_1419660114' 'channel_1411474867']",1147,182620,159.2153443766347,0.3420629722921917,0.99,0.1343681391662942,0.036557058372577,0.82,0.1859901434673085,0.94,0.2170025736502022,0.93,0.14232252765305,0.96,0.1197575292958047,0.86,1.0,366.1099058153543,60.81793888949732,31414720.0,172.02234147409922,97890.0,27388.59633827376,0.1190340597962983,0.0220567298214872,0.0034990691052458,1,0.9233333333333332,0.8571428571428571,High,High
cluster_13,13,"['channel_1324047869' 'channel_1317428262' 'channel_1325400789'
 'channel_1376386888' 'channel_1309310539' 'channel_1340595722'
 'channel_1328818270' 'channel_1369933328' 'channel_1314668461'
 'channel_1380548084' 'channel_1354632776' 'channel_1358598734'
 'channel_1379495929' 'channel_1396307876' 'channel_1368153955'
 'channel_1324785672' 'channel_1352558334' 'channel_1318718792'
 'channel_1384013495' 'channel_1393002062' 'channel_1308462200'
 'channel_1339029850' 'channel_1334979677' 'channel_1390495492'
 'channel_1306129191' 'channel_1367364904' 'channel_1386126132'
 'channel_1391544796' 'channel_1365889926' 'channel_1359531554'
 'channel_1307055556' 'channel_1397961074' 'channel_1343890309'
 'channel_1334271006' 'channel_1345731226' 'channel_1345385086'
 'channel_1365472532' 'channel_1378664824' 'channel_1310088894'
 'channel_1341850798' 'channel_1367618250' 'channel_1360647428'
 'channel_1343351768' 'channel_1362537850' 'channel_1329141017'
 'channel_1358564325' 'channel_1395856738' 'channel_1382481365'
 'channel_1355910014' 'channel_1319853946' 'channel_1336487490'
 'channel_1367715360' 'channel_1354634824' 'channel_1309949260'
 'channel_1383572803' 'channel_1323525417' 'channel_1329029113'
 'channel_1324415880' 'channel_1312905984' 'channel_1352140275'
 'channel_1357706588' 'channel_1348318451' 'channel_1369728627'
 'channel_1332254429' 'channel_1386851841' 'channel_1347756517'
 'channel_1351648201' 'channel_1392068756' 'channel_1373223362'
 'channel_1326568419' 'channel_1325428736' 'channel_1313829242'
 'channel_1346266477' 'channel_1369965558' 'channel_1321397828'
 'channel_1384373882' 'channel_1308070514' 'channel_1385909762'
 'channel_1376026880' 'channel_1366456452' 'channel_1348788683'
 'channel_1358886326' 'channel_1386382903' 'channel_1367880651'
 'channel_1394476907' 'channel_1324830250' 'channel_1358907673'
 'channel_1356129852' 'channel_1398056704' 'channel_1326663868'
 'channel_1359034275' 'channel_1328912314' 'channel_1380031152'
 'channel_1383292368' 'channel_1337848451' 'channel_1313918749'
 'channel_1310712123' 'channel_1340245461' 'channel_1399412337'
 'channel_1314345034' 'channel_1308162694' 'channel_1366974527'
 'channel_1362500827' 'channel_1371395639' 'channel_1366776322'
 'channel_1315536406' 'channel_1362359176' 'channel_1327780026'
 'channel_1334438628' 'channel_1332709296' 'channel_1357894557'
 'channel_1305122330' 'channel_1366875167' 'channel_1353511332'
 'channel_1398838432' 'channel_1340713772' 'channel_1396630745'
 'channel_1384470655' 'channel_1397120666' 'channel_1390897042'
 'channel_1359465499' 'channel_1334651004' 'channel_1378333145'
 'channel_1326223284' 'channel_1343767080' 'channel_1368741288'
 'channel_1302100322' 'channel_1325174315' 'channel_1338829305'
 'channel_1369518127' 'channel_1312215092' 'channel_1322493808'
 'channel_1335225774' 'channel_1382073947' 'channel_1380328653'
 'channel_1361691462' 'channel_1370959074' 'channel_1396959873'
 'channel_1363655537' 'channel_1330116277' 'channel_1395713485'
 'channel_1302092585' 'channel_1374010225' 'channel_1300745669'
 'channel_1357939367' 'channel_1311048846' 'channel_1371395901'
 'channel_1372389132' 'channel_1340596957' 'channel_1368416182'
 'channel_1307070767' 'channel_1356870975' 'channel_1314766297'
 'channel_1334991730' 'channel_1318165547' 'channel_1316560023'
 'channel_1395214341' 'channel_1338273509' 'channel_1357910053'
 'channel_1304056488' 'channel_1372547996' 'channel_1305987102'
 'channel_1337342928' 'channel_1392990375' 'channel_1351492314'
 'channel_1320234053' 'channel_1326911505' 'channel_1392160803'
 'channel_1349293134' 'channel_1354533139' 'channel_1329516741'
 'channel_1358788312' 'channel_1344184017' 'channel_1313753380'
 'channel_1374172617' 'channel_1345124017' 'channel_1334094736'
 'channel_1308756892' 'channel_1339848589' 'channel_1365215974'
 'channel_1390659157' 'channel_1343375751' 'channel_1388515177'
 'channel_1382962633' 'channel_1396962922' 'channel_1356362184'
 'channel_1316948624' 'channel_1352110396' 'channel_1313869882'
 'channel_1385390491' 'channel_1391726209' 'channel_1306902813'
 'channel_1378626018' 'channel_1384685719' 'channel_1347813340'
 'channel_1336977775' 'channel_1389301983' 'channel_1342416625'
 'channel_1361656790' 'channel_1305772728' 'channel_1333523820'
 'channel_1358860957' 'channel_1327835394' 'channel_1361395768'
 'channel_1390548867' 'channel_1322726162' 'channel_1399559024'
 'channel_1363395374' 'channel_1342142841' 'channel_1383761175'
 'channel_1319555792' 'channel_1315735637' 'channel_1379903122'
 'channel_1371861154' 'channel_1355010274' 'channel_1326080644'
 'channel_1343549608' 'channel_1349268671' 'channel_1328251060'
 'channel_1399605030' 'channel_1312012190' 'channel_1389761744'
 'channel_1385868140' 'channel_1369404821' 'channel_1321712437'
 'channel_1320327712' 'channel_1365067607' 'channel_1320050785'
 'channel_1310799192' 'channel_1301697336' 'channel_1318699029'
 'channel_1373893877' 'channel_1321843122' 'channel_1368943376'
 'channel_1387912140' 'channel_1327641246' 'channel_1349623768'
 'channel_1373600040' 'channel_1352980893' 'channel_1346428674'
 'channel_1364631906' 'channel_1303835387' 'channel_1360502680'
 'channel_1377735387' 'channel_1305722586' 'channel_1325572722'
 'channel_1344064579' 'channel_1319163601' 'channel_1332694307'
 'channel_1369047939' 'channel_1372682524' 'channel_1354887352'
 'channel_1326554793' 'channel_1308473664' 'channel_1376101737'
 'channel_1336532994' 'channel_1342028939' 'channel_1371786276'
 'channel_1375928983' 'channel_1382991987' 'channel_1367943717'
 'channel_1315581098' 'channel_1309202376' 'channel_1334686834'
 'channel_1328990667' 'channel_1361890342' 'channel_1383972331'
 'channel_1321593888' 'channel_1391647662' 'channel_1318315803'
 'channel_1368294200' 'channel_1314445308' 'channel_1364442020'
 'channel_1300542637' 'channel_1387046151' 'channel_1341937808'
 'channel_1396163912' 'channel_1301638760' 'channel_1348687648'
 'channel_1366504973' 'channel_1349729419' 'channel_1361903558'
 'channel_1339917211' 'channel_1322538700' 'channel_1331722985'
 'channel_1301055258' 'channel_1379184718' 'channel_1369430202'
 'channel_1399177000' 'channel_1342836912' 'channel_1336224089'
 'channel_1304292577' 'channel_1363975363' 'channel_1389541840'
 'channel_1398637624' 'channel_1383580752' 'channel_1397858252'
 'channel_1342952578' 'channel_1386541323' 'channel_1386715712'
 'channel_1338025468' 'channel_1340605787' 'channel_1369513829'
 'channel_1350647243' 'channel_1379885267' 'channel_1384778739'
 'channel_1311027302' 'channel_1373722588' 'channel_1358788554'
 'channel_1395198124' 'channel_1335331263' 'channel_1329689475'
 'channel_1358191446' 'channel_1338603068' 'channel_1342323673'
 'channel_1331707987' 'channel_1323971421' 'channel_1390787462'
 'channel_1368943584' 'channel_1370466114' 'channel_1341948340'
 'channel_1307487426' 'channel_1389381360' 'channel_1339403345'
 'channel_1314121787' 'channel_1340481670' 'channel_1352024682'
 'channel_1383517302' 'channel_1395373169' 'channel_1340641031'
 'channel_1396124827' 'channel_1396194531' 'channel_1385673328'
 'channel_1374512182' 'channel_1305350366' 'channel_1369065626'
 'channel_1365714763' 'channel_1340355241' 'channel_1332030398'
 'channel_1389087884' 'channel_1325828591' 'channel_1399575625'
 'channel_1344036835' 'channel_1309695296' 'channel_1355948022'
 'channel_1366578902' 'channel_1341543061' 'channel_1366230232'
 'channel_1303881010' 'channel_1371180674' 'channel_1338255073'
 'channel_1368846992' 'channel_1398053920' 'channel_1353261914'
 'channel_1367571066' 'channel_1324961471' 'channel_1380384002'
 'channel_1377251628' 'channel_1302086965' 'channel_1392291240'
 'channel_1377801388' 'channel_1399974835' 'channel_1371527142'
 'channel_1330325636' 'channel_1371996476' 'channel_1351461972'
 'channel_1347724292' 'channel_1330153757' 'channel_1346815255'
 'channel_1304539590' 'channel_1354975375' 'channel_1362721191'
 'channel_1368563607' 'channel_1328921622' 'channel_1393468460'
 'channel_1357507335' 'channel_1391126856' 'channel_1315852334'
 'channel_1376629145' 'channel_1377754954' 'channel_1314862452'
 'channel_1315767641' 'channel_1334623712' 'channel_1347912441'
 'channel_1370048740' 'channel_1351220173' 'channel_1308327796'
 'channel_1365485472' 'channel_1388638623' 'channel_1325946380'
 'channel_1375698333' 'channel_1304577818' 'channel_1373538597'
 'channel_1390707347' 'channel_1368195920' 'channel_1348131697'
 'channel_1371942543' 'channel_1372187076' 'channel_1305623927'
 'channel_1331657515' 'channel_1378248479' 'channel_1306559115'
 'channel_1358837396' 'channel_1374926040' 'channel_1313503732'
 'channel_1358404526' 'channel_1374739131' 'channel_1334416391'
 'channel_1377364871' 'channel_1324742666' 'channel_1329366886'
 'channel_1370638940' 'channel_1334980488' 'channel_1335762845'
 'channel_1388268658' 'channel_1300266941' 'channel_1347502045'
 'channel_1306350859' 'channel_1313413308' 'channel_1380402154'
 'channel_1366349600' 'channel_1382948305' 'channel_1353758461'
 'channel_1326254213' 'channel_1395819734' 'channel_1343891628'
 'channel_1300741465' 'channel_1366741223' 'channel_1325958983'
 'channel_1384760992' 'channel_1377830817' 'channel_1317600535'
 'channel_1327695546' 'channel_1356386193' 'channel_1320172591'
 'channel_1343146023' 'channel_1326538128' 'channel_1318126679'
 'channel_1383794242' 'channel_1375190592' 'channel_1326329344'
 'channel_1386723491' 'channel_1310984791' 'channel_1362206897'
 'channel_1380737007' 'channel_1318445791' 'channel_1339348952'
 'channel_1311195423' 'channel_1397262385' 'channel_1369996416'
 'channel_1382979056' 'channel_1338491120' 'channel_1372214610'
 'channel_1384836446' 'channel_1328197089' 'channel_1329886149'
 'channel_1397620285' 'channel_1350816112' 'channel_1379750415'
 'channel_1398967984' 'channel_1341403870' 'channel_1375454576'
 'channel_1393250978' 'channel_1343278397' 'channel_1398286306'
 'channel_1341028511' 'channel_1360876347' 'channel_1336605825'
 'channel_1324938695' 'channel_1302426721' 'channel_1301853179'
 'channel_1349957470' 'channel_1312269933' 'channel_1366921559'
 'channel_1311706230' 'channel_1386429252' 'channel_1319095053'
 'channel_1356018505' 'channel_1335927003' 'channel_1369146847'
 'channel_1326517595' 'channel_1384038074' 'channel_1382201191'
 'channel_1375111539' 'channel_1393474142' 'channel_1363150911'
 'channel_1346887478' 'channel_1391697109' 'channel_1349400181'
 'channel_1361588429' 'channel_1337342032' 'channel_1357837149'
 'channel_1362007101' 'channel_1323834014' 'channel_1389988104'
 'channel_1360745563' 'channel_1363208402' 'channel_1361114342'
 'channel_1341687817' 'channel_1399554702' 'channel_1387359927'
 'channel_1312506228' 'channel_1381856797' 'channel_1371452287'
 'channel_1361856566' 'channel_1330800307' 'channel_1317842085'
 'channel_1390692326' 'channel_1387194547' 'channel_1317863577'
 'channel_1332559687' 'channel_1336334989' 'channel_1340704012'
 'channel_1349618580' 'channel_1310577213' 'channel_1396275973'
 'channel_1366038257' 'channel_1383146979' 'channel_1373485314'
 'channel_1398054984' 'channel_1370474834' 'channel_1333245492'
 'channel_1394848551' 'channel_1345986262' 'channel_1343341889'
 'channel_1394615178' 'channel_1301787388' 'channel_1303234261'
 'channel_1300269873' 'channel_1372309575' 'channel_1319561530'
 'channel_1326212941' 'channel_1317864023' 'channel_1328939101'
 'channel_1370680737' 'channel_1375599238' 'channel_1399644889'
 'channel_1306830939' 'channel_1376074772' 'channel_1329906914'
 'channel_1374396593' 'channel_1374290756' 'channel_1375732125'
 'channel_1398050822' 'channel_1335339166' 'channel_1396266047'
 'channel_1314530987' 'channel_1356155531' 'channel_1363097445'
 'channel_1365732058' 'channel_1329414210' 'channel_1397380283'
 'channel_1354853810' 'channel_1378113154' 'channel_1300461016'
 'channel_1384909624' 'channel_1348743974' 'channel_1345508292'
 'channel_1397400999' 'channel_1331051488' 'channel_1383571137'
 'channel_1322140654' 'channel_1333332684' 'channel_1327612611'
 'channel_1372290216' 'channel_1373386181' 'channel_1355939149'
 'channel_1324507054' 'channel_1383049751' 'channel_1349780782'
 'channel_1353947649' 'channel_1389231183' 'channel_1315982102'
 'channel_1364273796' 'channel_1326975735' 'channel_1339102763'
 'channel_1377789757' 'channel_1300686753' 'channel_1396523026'
 'channel_1374911827' 'channel_1353387560' 'channel_1390885322'
 'channel_1397274678' 'channel_1312067130' 'channel_1309071974'
 'channel_1387906230' 'channel_1366080218' 'channel_1312151593'
 'channel_1314333052' 'channel_1313548449' 'channel_1339594663'
 'channel_1377378548' 'channel_1317290910' 'channel_1371819772'
 'channel_1386976384' 'channel_1341220026' 'channel_1332263335'
 'channel_1316090535' 'channel_1356399682' 'channel_1381858242'
 'channel_1320577352' 'channel_1303336696' 'channel_1344343968'
 'channel_1316415645' 'channel_1399695978' 'channel_1315318321'
 'channel_1339570062' 'channel_1379892874' 'channel_1397549713'
 'channel_1310493808' 'channel_1367963174' 'channel_1319427729'
 'channel_1364215317' 'channel_1340554071' 'channel_1360096538'
 'channel_1327351212' 'channel_1326705283' 'channel_1360157122'
 'channel_1391253363' 'channel_1371670256' 'channel_1368334613'
 'channel_1335592711' 'channel_1330095537' 'channel_1341322530'
 'channel_1323381886' 'channel_1367406480' 'channel_1379968896'
 'channel_1364711523' 'channel_1303271403' 'channel_1376456900'
 'channel_1308856292' 'channel_1339367140' 'channel_1381514061'
 'channel_1301381155' 'channel_1385221185' 'channel_1342288567'
 'channel_1355460602' 'channel_1301378898' 'channel_1344130271'
 'channel_1396520066' 'channel_1331553743' 'channel_1350144672'
 'channel_1371602637' 'channel_1379280560' 'channel_1357741443'
 'channel_1340551784' 'channel_1308697578' 'channel_1314145800'
 'channel_1331507956' 'channel_1306353747' 'channel_1372677491'
 'channel_1325036945' 'channel_1310134314' 'channel_1317495380'
 'channel_1376169026' 'channel_1313060501' 'channel_1343572701'
 'channel_1326779859' 'channel_1311587502' 'channel_1314274464'
 'channel_1341508459' 'channel_1380223582' 'channel_1371583903'
 'channel_1333640561' 'channel_1315025726' 'channel_1344865252'
 'channel_1381044150' 'channel_1329541223' 'channel_1303094780'
 'channel_1362482073' 'channel_1364578736' 'channel_1399558311'
 'channel_1392605230' 'channel_1360710535' 'channel_1347986142'
 'channel_1350954050' 'channel_1349923949' 'channel_1311405246'
 'channel_1325343575' 'channel_1337029197' 'channel_1369115504'
 'channel_1349944309' 'channel_1341193571' 'channel_1374094393'
 'channel_1312525807' 'channel_1374344693' 'channel_1366816205'
 'channel_1377102014' 'channel_1321035470' 'channel_1366719600'
 'channel_1353784706' 'channel_1323123200' 'channel_1355822849'
 'channel_1300916191' 'channel_1359212805' 'channel_1372292457'
 'channel_1385257848' 'channel_1348375927' 'channel_1362890584'
 'channel_1336158480' 'channel_1395735403' 'channel_1302475691'
 'channel_1368667617' 'channel_1373055636' 'channel_1385727115'
 'channel_1361102643' 'channel_1308519094' 'channel_1335892408'
 'channel_1360059543' 'channel_1340904461' 'channel_1346348472'
 'channel_1372470734' 'channel_1357814932' 'channel_1375872751'
 'channel_1381014281' 'channel_1309190379' 'channel_1354483169'
 'channel_1354476950' 'channel_1345284509' 'channel_1397328657'
 'channel_1384464252' 'channel_1362572857' 'channel_1397823859'
 'channel_1348671643' 'channel_1386149210' 'channel_1362548215'
 'channel_1361967019' 'channel_1341901182' 'channel_1367302737'
 'channel_1302984491' 'channel_1321629057' 'channel_1374284657'
 'channel_1340028092' 'channel_1374682727' 'channel_1399841990'
 'channel_1398194522' 'channel_1376734703' 'channel_1308795405'
 'channel_1374961501' 'channel_1309415498' 'channel_1358262728'
 'channel_1359285453' 'channel_1302523602' 'channel_1370023850'
 'channel_1382198008' 'channel_1391166244' 'channel_1360168307'
 'channel_1385803508' 'channel_1383999758' 'channel_1386417883'
 'channel_1301956626' 'channel_1372392619' 'channel_1330998153'
 'channel_1303089864' 'channel_1375690723' 'channel_1338045376'
 'channel_1313218767' 'channel_1312239941' 'channel_1361881317'
 'channel_1300267834' 'channel_1302413009' 'channel_1391678616'
 'channel_1398639033' 'channel_1391342855' 'channel_1389473425'
 'channel_1340388125' 'channel_1391578486' 'channel_1397865931'
 'channel_1310294120' 'channel_1394601344' 'channel_1303125123'
 'channel_1394512381' 'channel_1399139748' 'channel_1344215125'
 'channel_1329681857' 'channel_1325909195' 'channel_1351631850'
 'channel_1357814386' 'channel_1372478722' 'channel_1385829006'
 'channel_1359533715' 'channel_1334871294' 'channel_1323836147'
 'channel_1348999410' 'channel_1302412088' 'channel_1359757812'
 'channel_1340072552' 'channel_1399482060' 'channel_1323321240'
 'channel_1332480763' 'channel_1344937364' 'channel_1314940146'
 'channel_1321650946' 'channel_1379134818' 'channel_1380702606'
 'channel_1309976776' 'channel_1310284190' 'channel_1399191430'
 'channel_1309434952' 'channel_1358706221' 'channel_1345869828'
 'channel_1324671141' 'channel_1306378926' 'channel_1399901142'
 'channel_1317121229' 'channel_1389325689' 'channel_1396873335'
 'channel_1332406667' 'channel_1306248251' 'channel_1358480794'
 'channel_1355818298' 'channel_1398142110' 'channel_1366401895'
 'channel_1370633952' 'channel_1350847406' 'channel_1383817108'
 'channel_1312613991' 'channel_1320829346' 'channel_1334948557'
 'channel_1395048724' 'channel_1382143351' 'channel_1325874717'
 'channel_1389661054' 'channel_1351432231' 'channel_1350301397'
 'channel_1372611376' 'channel_1378742156' 'channel_1385590013'
 'channel_1347168116' 'channel_1327560954' 'channel_1312608638'
 'channel_1329888694' 'channel_1364421816' 'channel_1344271860'
 'channel_1355642881' 'channel_1372651182' 'channel_1352476430'
 'channel_1320715855' 'channel_1330066570' 'channel_1313745933'
 'channel_1348217349' 'channel_1317678756' 'channel_1303782697'
 'channel_1301504542' 'channel_1306298170' 'channel_1378394192'
 'channel_1367422246' 'channel_1337629862' 'channel_1342169689'
 'channel_1350562321' 'channel_1366426117' 'channel_1302871845'
 'channel_1316724028' 'channel_1367624577' 'channel_1320736964'
 'channel_1346118604' 'channel_1312983894' 'channel_1325172648'
 'channel_1343883406' 'channel_1394010098' 'channel_1352858583'
 'channel_1307107593' 'channel_1335722961' 'channel_1355903180'
 'channel_1398509274' 'channel_1307256527' 'channel_1319181289'
 'channel_1361183669' 'channel_1362388271' 'channel_1386383475'
 'channel_1313924382' 'channel_1325643891' 'channel_1396332892'
 'channel_1365605259' 'channel_1377687395' 'channel_1350274993'
 'channel_1352158498' 'channel_1381723904' 'channel_1366733672'
 'channel_1329798181' 'channel_1304621870' 'channel_1304158035'
 'channel_1322667292' 'channel_1319058745' 'channel_1375055530'
 'channel_1340797293' 'channel_1309335961' 'channel_1305952602'
 'channel_1379715505' 'channel_1310816122' 'channel_1308954936'
 'channel_1353324029' 'channel_1302526179' 'channel_1302019916'
 'channel_1338989461' 'channel_1318803180' 'channel_1319219854'
 'channel_1374440463' 'channel_1303828383' 'channel_1362100779'
 'channel_1306809597' 'channel_1384104860' 'channel_1357075534'
 'channel_1329817180' 'channel_1308927086' 'channel_1325946974'
 'channel_1399513230' 'channel_1397861574' 'channel_1304603432'
 'channel_1318535652' 'channel_1393164699' 'channel_1338632624'
 'channel_1369974265' 'channel_1328224801' 'channel_1373444707'
 'channel_1303958899' 'channel_1326086618' 'channel_1368935418'
 'channel_1396898184' 'channel_1378143431' 'channel_1333906316'
 'channel_1385694192' 'channel_1323429085' 'channel_1392435230'
 'channel_1328175274' 'channel_1301651802' 'channel_1366530872'
 'channel_1344808957' 'channel_1340604815' 'channel_1392084409'
 'channel_1371785757' 'channel_1309063368' 'channel_1369271205'
 'channel_1387950084' 'channel_1330273046' 'channel_1311397166'
 'channel_1358013524' 'channel_1300351181' 'channel_1312331819'
 'channel_1355978227' 'channel_1394303875' 'channel_1388334137'
 'channel_1376527483' 'channel_1362413031' 'channel_1349134300'
 'channel_1342691184' 'channel_1378493599' 'channel_1348681031'
 'channel_1374565854' 'channel_1305457862' 'channel_1339104613'
 'channel_1335925382' 'channel_1304530967' 'channel_1303729852'
 'channel_1325255067' 'channel_1369235322' 'channel_1346350333'
 'channel_1303445780' 'channel_1393190828' 'channel_1352107349'
 'channel_1395659502' 'channel_1375757391' 'channel_1327443804'
 'channel_1335509998' 'channel_1382801791' 'channel_1309483049'
 'channel_1324192032' 'channel_1343334089' 'channel_1381897362'
 'channel_1398723399']","['channel_1324047869' 'channel_1317428262' 'channel_1325400789'
 'channel_1376386888' 'channel_1309310539' 'channel_1340595722'
 'channel_1328818270' 'channel_1369933328' 'channel_1314668461'
 'channel_1380548084' 'channel_1354632776' 'channel_1358598734'
 'channel_1379495929' 'channel_1396307876' 'channel_1368153955'
 'channel_1324785672' 'channel_1352558334' 'channel_1318718792'
 'channel_1384013495' 'channel_1393002062']",970,156377,161.21340206185567,0.34159025943713,0.99,0.1345970402325807,0.03633085428164,0.82,0.1845130038304861,0.95,0.2170244345396058,0.93,0.1401568645005339,0.96,0.1219629485154458,0.85,1.0,359.9032338515255,60.08542816398831,28451509.0,181.94177532501584,97890.0,29331.45257731959,0.1185852139381111,0.0230724467153097,0.004367649974101,1,0.8466666666666667,0.9285714285714286,High,High
cluster_15,15,"['channel_1500143050' 'channel_1500194629' 'channel_1500591087' ...
 'channel_1573198989' 'channel_1596665977' 'channel_1535810280']","['channel_1500143050' 'channel_1500194629' 'channel_1500591087'
 'channel_1500721467' 'channel_1500842391' 'channel_1500903887'
 'channel_1501116691' 'channel_1501173275' 'channel_1501663688'
 'channel_1501977677' 'channel_1501982109' 'channel_1502196266'
 'channel_1502274887' 'channel_1502674862' 'channel_1503018378'
 'channel_1503115434' 'channel_1503149977' 'channel_1503150396'
 'channel_1503174624' 'channel_1503432339']",1226,181175,147.77732463295268,0.3414928660135233,0.99,0.1326166237501035,0.0389747481716573,0.82,0.1952856078377255,0.94,0.2107660549192767,0.93,0.1445100593348971,0.96,0.1237263971298461,0.9,1.0,378.2517786670346,63.05146405409135,36661042.0,202.3515496067338,98340.0,29902.970636215334,0.1164619842693528,0.0231599282461708,0.0043714640540913,1,0.82,1.0,High,High
cluster_16,16,"['channel_1658763645' 'channel_1606432449' 'channel_1616088164' ...
 'channel_1681110143' 'channel_1663834349' 'channel_1602451832']","['channel_1658763645' 'channel_1606432449' 'channel_1616088164'
 'channel_1654037369' 'channel_1614969455' 'channel_1667430392'
 'channel_1648698755' 'channel_1666376078' 'channel_1686525042'
 'channel_1607414210' 'channel_1613506678' 'channel_1666243069'
 'channel_1633282579' 'channel_1679377076' 'channel_1641287263'
 'channel_1634912818' 'channel_1693097686' 'channel_1659203053'
 'channel_1614966924' 'channel_1670307500']",1070,162705,152.0607476635514,0.3359602347807386,0.99,0.1312269249816267,0.0386707845487232,0.82,0.2127030515349855,0.95,0.1978398328262798,0.93,0.141959988937033,0.96,0.1345387664792095,0.86,1.0,362.6997818137119,59.77103961156695,25483715.0,156.62527273286008,98346.0,23816.556074766355,0.1096094158138963,0.0228450262745459,0.0047570756891306,1,0.4133333333333333,0.7857142857142857,Medium,High
cluster_18,18,"['channel_1800847669' 'channel_1808126025' 'channel_1854225019'
 'channel_1856125821' 'channel_1870792702' 'channel_1835341857'
 'channel_1847389367' 'channel_1876060274' 'channel_1862986796'
 'channel_1826200204' 'channel_1815687184' 'channel_1891128805'
 'channel_1807362121' 'channel_1856829676' 'channel_1885894251'
 'channel_1886140557' 'channel_1851211589' 'channel_1837498119'
 'channel_1881931596' 'channel_1825077227' 'channel_1825253359'
 'channel_1805268315' 'channel_1885777074' 'channel_1839911107'
 'channel_1809766574' 'channel_1854417139' 'channel_1804537816'
 'channel_1846966566' 'channel_1891567369' 'channel_1854002073'
 'channel_1820246359' 'channel_1814898510' 'channel_1814477406'
 'channel_1820718453' 'channel_1819902877' 'channel_1846893080'
 'channel_1890545020' 'channel_1835613581' 'channel_1855280578'
 'channel_1808670894' 'channel_1873756974' 'channel_1894098660'
 'channel_1818552486' 'channel_1853676839' 'channel_1862984451'
 'channel_1801006499' 'channel_1883431440' 'channel_1858846810'
 'channel_1879356591' 'channel_1880820199' 'channel_1848011225'
 'channel_1895176776' 'channel_1840578235' 'channel_1845692223'
 'channel_1896597836' 'channel_1810001554' 'channel_1846346586'
 'channel_1886985483' 'channel_1865479757' 'channel_1835510070'
 'channel_1849659334' 'channel_1893294080' 'channel_1848510408'
 'channel_1852397575' 'channel_1821174034' 'channel_1896426529'
 'channel_1846300752' 'channel_1899462285' 'channel_1807110473'
 'channel_1805086168' 'channel_1806115475' 'channel_1843340390'
 'channel_1802682352' 'channel_1819074959' 'channel_1834422357'
 'channel_1834324586' 'channel_1811291549' 'channel_1829053204'
 'channel_1877418347' 'channel_1863856224' 'channel_1843795954'
 'channel_1866539862' 'channel_1851062947' 'channel_1897257215'
 'channel_1821039874' 'channel_1819559770' 'channel_1852117553'
 'channel_1882481958' 'channel_1855522803' 'channel_1820217284'
 'channel_1840498285' 'channel_1822861076' 'channel_1834377858'
 'channel_1823928608' 'channel_1819368322' 'channel_1832078006'
 'channel_1861475908' 'channel_1877083014' 'channel_1848138924'
 'channel_1828874610' 'channel_1838986327' 'channel_1892423856'
 'channel_1892234482' 'channel_1842693394' 'channel_1859191467'
 'channel_1802848378' 'channel_1837246593' 'channel_1829011516'
 'channel_1853413232' 'channel_1803796254' 'channel_1844174679'
 'channel_1813938716' 'channel_1805758411' 'channel_1899753512'
 'channel_1851689076' 'channel_1830090923' 'channel_1857218960'
 'channel_1818702441' 'channel_1843774710' 'channel_1850270500'
 'channel_1883299131' 'channel_1810182217' 'channel_1891495700'
 'channel_1860403732' 'channel_1829540626' 'channel_1867934986'
 'channel_1851484346' 'channel_1821431552' 'channel_1808233527'
 'channel_1854786504' 'channel_1827130385' 'channel_1886238849'
 'channel_1821628720' 'channel_1827324816' 'channel_1851581728'
 'channel_1864494577' 'channel_1826538253' 'channel_1869802762'
 'channel_1830775878' 'channel_1884698459' 'channel_1818841345'
 'channel_1863311326' 'channel_1800716297' 'channel_1829347811'
 'channel_1802552972' 'channel_1861594332' 'channel_1893467096'
 'channel_1821207625' 'channel_1865218535' 'channel_1840946091'
 'channel_1857075839' 'channel_1857722810' 'channel_1888113122'
 'channel_1851407054' 'channel_1835837028' 'channel_1876604262'
 'channel_1800863301' 'channel_1803107119' 'channel_1811239355'
 'channel_1896825781' 'channel_1804132734' 'channel_1848839883'
 'channel_1819438697' 'channel_1826793766' 'channel_1845519014'
 'channel_1847507885' 'channel_1874971570' 'channel_1829805695'
 'channel_1886380628' 'channel_1896778004' 'channel_1808942736'
 'channel_1847477025' 'channel_1823164044' 'channel_1831703947'
 'channel_1835141684' 'channel_1899936038' 'channel_1827724106'
 'channel_1843258183' 'channel_1820342534' 'channel_1883467734'
 'channel_1854946643' 'channel_1859529930' 'channel_1897280574'
 'channel_1841371008' 'channel_1851426229' 'channel_1820444829'
 'channel_1899148915' 'channel_1879301399' 'channel_1890512481'
 'channel_1861592664' 'channel_1869654432' 'channel_1868065280'
 'channel_1873882514' 'channel_1806316348' 'channel_1868643603'
 'channel_1831360446' 'channel_1885068545' 'channel_1877123322'
 'channel_1853654035' 'channel_1823685609' 'channel_1825610648'
 'channel_1803626942' 'channel_1859924787' 'channel_1867732129'
 'channel_1816554154' 'channel_1812910268' 'channel_1838103934'
 'channel_1834215867' 'channel_1802973758' 'channel_1855729633'
 'channel_1853046951' 'channel_1802681627' 'channel_1804447305'
 'channel_1841226956' 'channel_1882870017' 'channel_1854666083'
 'channel_1874393954' 'channel_1878148905' 'channel_1850320974'
 'channel_1833423853' 'channel_1875366041' 'channel_1884148070'
 'channel_1899901120' 'channel_1882608178' 'channel_1857080566'
 'channel_1819868482' 'channel_1879152164' 'channel_1844611107'
 'channel_1891813027' 'channel_1863450501' 'channel_1828634652'
 'channel_1808106438' 'channel_1827791940' 'channel_1853940499'
 'channel_1851441463' 'channel_1828801091' 'channel_1821251721'
 'channel_1863178643' 'channel_1836305969' 'channel_1844647946'
 'channel_1851646467' 'channel_1801305777' 'channel_1881396816'
 'channel_1857859548' 'channel_1814750183' 'channel_1878473866'
 'channel_1835058344' 'channel_1864380095' 'channel_1887784100'
 'channel_1808999325' 'channel_1810754326' 'channel_1816995279'
 'channel_1826873627' 'channel_1868072922' 'channel_1862112785'
 'channel_1808377189' 'channel_1866709725' 'channel_1874901382'
 'channel_1839913190' 'channel_1808237533' 'channel_1823166748'
 'channel_1858787976' 'channel_1832506729' 'channel_1897246421'
 'channel_1857708523' 'channel_1817100735' 'channel_1810689572'
 'channel_1870561757' 'channel_1894691748' 'channel_1810192479'
 'channel_1825304812' 'channel_1822132230' 'channel_1825720316'
 'channel_1837528310' 'channel_1803535335' 'channel_1803345691'
 'channel_1828173020' 'channel_1858740917' 'channel_1866751988'
 'channel_1830895117' 'channel_1886912949' 'channel_1814944737'
 'channel_1894228419' 'channel_1866334584' 'channel_1852723639'
 'channel_1837748159' 'channel_1815189344' 'channel_1866348559'
 'channel_1843623454' 'channel_1873447872' 'channel_1840127418'
 'channel_1838038594' 'channel_1865893039' 'channel_1828307432'
 'channel_1843843268' 'channel_1877873961' 'channel_1894327916'
 'channel_1893566243' 'channel_1802385994' 'channel_1890671997'
 'channel_1824752415' 'channel_1868123144' 'channel_1840427235'
 'channel_1899184558' 'channel_1860269829' 'channel_1852470655'
 'channel_1844521931' 'channel_1895876915' 'channel_1845080206'
 'channel_1817175997' 'channel_1851587164' 'channel_1837485331'
 'channel_1847052210' 'channel_1861091617' 'channel_1891315829'
 'channel_1861254547' 'channel_1877274469' 'channel_1821016224'
 'channel_1811136368' 'channel_1822448315' 'channel_1813630496'
 'channel_1862927695' 'channel_1876516292' 'channel_1895673183'
 'channel_1899735321' 'channel_1837257507' 'channel_1861688742'
 'channel_1808130551' 'channel_1831835874' 'channel_1858564235'
 'channel_1804997541' 'channel_1848230263' 'channel_1873079723'
 'channel_1805147759' 'channel_1854360456' 'channel_1882441290'
 'channel_1864210308' 'channel_1820680168' 'channel_1848648440'
 'channel_1825051827' 'channel_1897395887' 'channel_1879193101'
 'channel_1856358496' 'channel_1861178335' 'channel_1838633816'
 'channel_1879528998' 'channel_1831472226' 'channel_1866592411'
 'channel_1835112040' 'channel_1848803060' 'channel_1843125212'
 'channel_1873850846' 'channel_1840069369' 'channel_1815464858'
 'channel_1837930286' 'channel_1877692343' 'channel_1820850116'
 'channel_1855286697' 'channel_1825036629' 'channel_1849728528'
 'channel_1850133128' 'channel_1863538533' 'channel_1893905212'
 'channel_1845039778' 'channel_1808536492' 'channel_1843494058'
 'channel_1827689029' 'channel_1840238787' 'channel_1893861083'
 'channel_1816819012' 'channel_1883969366' 'channel_1866927756'
 'channel_1880804443' 'channel_1894597798' 'channel_1873527959'
 'channel_1882260663' 'channel_1890397197' 'channel_1816142814'
 'channel_1895518337' 'channel_1804967804' 'channel_1855969882'
 'channel_1853130198' 'channel_1887657873' 'channel_1800430160'
 'channel_1865898885' 'channel_1823878472' 'channel_1874736112'
 'channel_1825593783' 'channel_1804629039' 'channel_1857065732'
 'channel_1858772980' 'channel_1824522122' 'channel_1852363002'
 'channel_1893256259' 'channel_1804501726' 'channel_1848693388'
 'channel_1847315346' 'channel_1869605976' 'channel_1802659648'
 'channel_1852836049' 'channel_1870648540' 'channel_1834893354'
 'channel_1813566476' 'channel_1855120563' 'channel_1829134606'
 'channel_1823911913' 'channel_1811784324' 'channel_1889916359'
 'channel_1810033274' 'channel_1899536915' 'channel_1855657359'
 'channel_1885344625' 'channel_1876650968' 'channel_1859723277'
 'channel_1800312637' 'channel_1829031772' 'channel_1809370242'
 'channel_1813560115' 'channel_1875119393' 'channel_1822069890'
 'channel_1879576540' 'channel_1813205535' 'channel_1884817851'
 'channel_1864886450' 'channel_1808498981' 'channel_1874199077'
 'channel_1860107178' 'channel_1852846435' 'channel_1851234959'
 'channel_1858981652' 'channel_1862519231' 'channel_1886745353'
 'channel_1861205311' 'channel_1885077866' 'channel_1801224858'
 'channel_1809578575' 'channel_1810112073' 'channel_1862338852'
 'channel_1818995917' 'channel_1835320066' 'channel_1844479646'
 'channel_1845091940' 'channel_1831325955' 'channel_1864849295'
 'channel_1857355928' 'channel_1837319864' 'channel_1878401361'
 'channel_1841126439' 'channel_1894359082' 'channel_1809898162'
 'channel_1891917890' 'channel_1881190712' 'channel_1813134991'
 'channel_1811279105' 'channel_1801595686' 'channel_1804000982'
 'channel_1851216503' 'channel_1851067128' 'channel_1817940668'
 'channel_1831388957' 'channel_1804810048' 'channel_1876078108'
 'channel_1882180669' 'channel_1855742602' 'channel_1872834210'
 'channel_1851552453' 'channel_1896593225' 'channel_1893512843'
 'channel_1816567557' 'channel_1833738135' 'channel_1893757900'
 'channel_1804611795' 'channel_1800418564' 'channel_1829686903'
 'channel_1882474816' 'channel_1810372408' 'channel_1844356754'
 'channel_1872963368' 'channel_1811722640' 'channel_1809785638'
 'channel_1828283166' 'channel_1809376314' 'channel_1814135784'
 'channel_1877928833' 'channel_1829647523' 'channel_1825074453'
 'channel_1881109720' 'channel_1825025153' 'channel_1805154502'
 'channel_1863531479' 'channel_1877854919' 'channel_1835435624'
 'channel_1831064459' 'channel_1895029090' 'channel_1885710764'
 'channel_1898745512' 'channel_1884199968' 'channel_1892153268'
 'channel_1803772622' 'channel_1828857400' 'channel_1817337044'
 'channel_1812747528' 'channel_1878090126' 'channel_1859991751'
 'channel_1886795362' 'channel_1882801237' 'channel_1823986774'
 'channel_1897507485' 'channel_1843887623' 'channel_1877657294'
 'channel_1877091194' 'channel_1841452347' 'channel_1845995496'
 'channel_1827750862' 'channel_1808004428' 'channel_1883998430'
 'channel_1874952093' 'channel_1887869070' 'channel_1819223222'
 'channel_1884401262' 'channel_1894614648' 'channel_1809708423'
 'channel_1824837967' 'channel_1849811323' 'channel_1867300084'
 'channel_1887764092' 'channel_1886949776' 'channel_1811030387'
 'channel_1870701522' 'channel_1887543550' 'channel_1823277613'
 'channel_1886083702' 'channel_1842546942' 'channel_1806403923'
 'channel_1820043974' 'channel_1874427769' 'channel_1893882700'
 'channel_1894745781' 'channel_1801110165' 'channel_1850820243'
 'channel_1870911488' 'channel_1835504999' 'channel_1877164299'
 'channel_1804310017' 'channel_1829671075' 'channel_1886937862'
 'channel_1814520847' 'channel_1812019109' 'channel_1825721496'
 'channel_1811548689' 'channel_1867270348' 'channel_1820947554'
 'channel_1836479523' 'channel_1893556232' 'channel_1888012113'
 'channel_1862732721' 'channel_1876288676' 'channel_1813203722'
 'channel_1809725621' 'channel_1899541055' 'channel_1899055468'
 'channel_1875182057' 'channel_1883618231' 'channel_1883775649'
 'channel_1832690592' 'channel_1801200615' 'channel_1819553724'
 'channel_1868000672' 'channel_1832184784' 'channel_1863618275'
 'channel_1880638504' 'channel_1802780380' 'channel_1818180414'
 'channel_1838099679' 'channel_1809358643' 'channel_1803537541'
 'channel_1848837618' 'channel_1859918135' 'channel_1817710390'
 'channel_1875000039' 'channel_1842512536' 'channel_1833635084'
 'channel_1858745259' 'channel_1803285616' 'channel_1837706422'
 'channel_1807685592' 'channel_1876115639' 'channel_1867509667'
 'channel_1845458444' 'channel_1829768637' 'channel_1884129985'
 'channel_1885536250' 'channel_1851850636' 'channel_1883849128'
 'channel_1859127043' 'channel_1877101890' 'channel_1896292995'
 'channel_1875128323' 'channel_1812094239' 'channel_1888887590'
 'channel_1882835184' 'channel_1868633150' 'channel_1880564053'
 'channel_1827942185' 'channel_1893030834' 'channel_1880633045'
 'channel_1895065826' 'channel_1899710186' 'channel_1868765691'
 'channel_1800562619' 'channel_1822461311' 'channel_1801162235'
 'channel_1819679478' 'channel_1895605697' 'channel_1895708404'
 'channel_1882464585' 'channel_1808880342' 'channel_1813618544'
 'channel_1840935544' 'channel_1881589772' 'channel_1800277748'
 'channel_1896543078' 'channel_1806275789' 'channel_1820958603'
 'channel_1855163316' 'channel_1807369590' 'channel_1870893932'
 'channel_1807865939' 'channel_1827317003' 'channel_1852234374'
 'channel_1872975872' 'channel_1872772778' 'channel_1889254227'
 'channel_1881853939' 'channel_1860166404' 'channel_1879788543'
 'channel_1899971756' 'channel_1851218048' 'channel_1876506652'
 'channel_1818692622' 'channel_1860527795' 'channel_1880114982'
 'channel_1829087370' 'channel_1886521994' 'channel_1820842292'
 'channel_1861456059' 'channel_1882532730' 'channel_1864110122'
 'channel_1823672894' 'channel_1813502918' 'channel_1882849832'
 'channel_1858910303' 'channel_1805130100' 'channel_1839063417'
 'channel_1818788648' 'channel_1842838828' 'channel_1829297204'
 'channel_1851290794' 'channel_1811114155' 'channel_1887194284'
 'channel_1829176215' 'channel_1863737698' 'channel_1802699552'
 'channel_1885478476' 'channel_1809415546' 'channel_1805997598'
 'channel_1860658591' 'channel_1862362504' 'channel_1802945950'
 'channel_1887054569' 'channel_1896687370' 'channel_1873505928'
 'channel_1899997182' 'channel_1801456382' 'channel_1866129423'
 'channel_1879518715' 'channel_1834250351' 'channel_1894923967'
 'channel_1890777357' 'channel_1806755280' 'channel_1809649082'
 'channel_1894420269' 'channel_1864929722' 'channel_1879428183'
 'channel_1884570879' 'channel_1884143616' 'channel_1829864836'
 'channel_1853672768' 'channel_1867997100' 'channel_1825914004'
 'channel_1842060136' 'channel_1891325874' 'channel_1800269632'
 'channel_1828127149' 'channel_1807668231' 'channel_1847569922'
 'channel_1889465371' 'channel_1835083973' 'channel_1821893842'
 'channel_1828686465' 'channel_1870448069' 'channel_1847403621'
 'channel_1852826263' 'channel_1865337197' 'channel_1840366507'
 'channel_1893078269' 'channel_1847303321' 'channel_1814128899'
 'channel_1841094046' 'channel_1857498523' 'channel_1830462328'
 'channel_1856372450' 'channel_1856589018' 'channel_1843834487'
 'channel_1887031669' 'channel_1839922171' 'channel_1861575578'
 'channel_1827195388' 'channel_1866940431' 'channel_1813858037'
 'channel_1836870313' 'channel_1834845703' 'channel_1837429622'
 'channel_1858896738' 'channel_1836285172' 'channel_1880802453'
 'channel_1847976920' 'channel_1818970599' 'channel_1810124798'
 'channel_1858355777' 'channel_1866082086' 'channel_1808573712'
 'channel_1864167344' 'channel_1865360391' 'channel_1889607275'
 'channel_1800883954' 'channel_1875518119' 'channel_1840635246'
 'channel_1859595602' 'channel_1858191327' 'channel_1867746678'
 'channel_1834761511' 'channel_1869397193' 'channel_1805754696'
 'channel_1852104526' 'channel_1862528534' 'channel_1892685933'
 'channel_1820036585' 'channel_1899153000' 'channel_1848781814'
 'channel_1874535640' 'channel_1896109911' 'channel_1863243006'
 'channel_1800477409' 'channel_1829123021' 'channel_1820143848'
 'channel_1820322569' 'channel_1875254187' 'channel_1838224798'
 'channel_1813918079' 'channel_1830047534' 'channel_1892870755'
 'channel_1893983876' 'channel_1850392688' 'channel_1887840067'
 'channel_1816110211' 'channel_1874584110' 'channel_1835669500'
 'channel_1810964806' 'channel_1827991361' 'channel_1897234694'
 'channel_1840521911' 'channel_1853846643' 'channel_1819177583'
 'channel_1836566040' 'channel_1899064278' 'channel_1891149458'
 'channel_1890439696' 'channel_1814943287' 'channel_1812057089'
 'channel_1838021315' 'channel_1824654873' 'channel_1843848166'
 'channel_1810020785' 'channel_1833585851' 'channel_1828798856'
 'channel_1828897862' 'channel_1824126706' 'channel_1858328979'
 'channel_1870975815' 'channel_1814184028' 'channel_1830115317'
 'channel_1890465940' 'channel_1812711452' 'channel_1884643175'
 'channel_1807920558' 'channel_1840406900' 'channel_1893485232'
 'channel_1891078780' 'channel_1881140381']","['channel_1800847669' 'channel_1808126025' 'channel_1854225019'
 'channel_1856125821' 'channel_1870792702' 'channel_1835341857'
 'channel_1847389367' 'channel_1876060274' 'channel_1862986796'
 'channel_1826200204' 'channel_1815687184' 'channel_1891128805'
 'channel_1807362121' 'channel_1856829676' 'channel_1885894251'
 'channel_1886140557' 'channel_1851211589' 'channel_1837498119'
 'channel_1881931596' 'channel_1825077227']",800,104610,130.7625,0.345614377210592,0.99,0.1440656988007398,0.0486643724309337,0.82,0.244887582449096,0.95,0.2015219386291936,0.95,0.1546067297581495,0.96,0.1456206863588556,0.86,1.0,363.4764171685308,60.43861963483415,11815806.0,112.9510180671064,96927.0,14769.7575,0.1245196443934614,0.0274734728993404,0.0118917885479399,0,0.3933333333333333,0.5714285714285714,Medium,Medium
cluster_19,19,"['channel_1927028788' 'channel_1964597198' 'channel_1918782844'
 'channel_1960616143' 'channel_1923336511' 'channel_1905210395'
 'channel_1981994015' 'channel_1931004582' 'channel_1916286359'
 'channel_1964661048' 'channel_1990299496' 'channel_1914236302'
 'channel_1955510810' 'channel_1977812324' 'channel_1956629151'
 'channel_1912313151' 'channel_1925286710' 'channel_1900839842'
 'channel_1904400973' 'channel_1928976966' 'channel_1934785287'
 'channel_1920019772' 'channel_1958123862' 'channel_1934429344'
 'channel_1974337320' 'channel_1943776501' 'channel_1993445875'
 'channel_1957727879' 'channel_1972861945' 'channel_1932420193'
 'channel_1985621871' 'channel_1990896236' 'channel_1953095953'
 'channel_1928777191' 'channel_1985312884' 'channel_1973091455'
 'channel_1953007281' 'channel_1953336108' 'channel_1988449078'
 'channel_1991961509' 'channel_1988901218' 'channel_1944141233'
 'channel_1966712997' 'channel_1925886909' 'channel_1944099092'
 'channel_1933700442' 'channel_1907201190' 'channel_1971363005'
 'channel_1994760638' 'channel_1932495133' 'channel_1945356133'
 'channel_1911236666' 'channel_1974098919' 'channel_1976635263'
 'channel_1961503581' 'channel_1989072247' 'channel_1986359392'
 'channel_1912604922' 'channel_1973312903' 'channel_1974859315'
 'channel_1913401657' 'channel_1954023509' 'channel_1908431944'
 'channel_1931934998' 'channel_1904208274' 'channel_1959619228'
 'channel_1937018305' 'channel_1968487211' 'channel_1905730888'
 'channel_1982814327' 'channel_1956704609' 'channel_1910155003'
 'channel_1951307779' 'channel_1953866207' 'channel_1968311293'
 'channel_1959985303' 'channel_1911841466' 'channel_1943820135'
 'channel_1974163155' 'channel_1985753143' 'channel_1949918753'
 'channel_1929004118' 'channel_1968094031' 'channel_1923532430'
 'channel_1962620846' 'channel_1943672026' 'channel_1992625704'
 'channel_1948903666' 'channel_1946988827' 'channel_1919191045'
 'channel_1950474451' 'channel_1939727022' 'channel_1908154318'
 'channel_1990040664' 'channel_1976819899' 'channel_1968472703'
 'channel_1974047201' 'channel_1904857118' 'channel_1983875514'
 'channel_1920411321' 'channel_1912101987' 'channel_1984011652'
 'channel_1913976751' 'channel_1979271631' 'channel_1922827607'
 'channel_1914053864' 'channel_1911156794' 'channel_1962607247'
 'channel_1928073765' 'channel_1910519258' 'channel_1910922893'
 'channel_1916625330' 'channel_1996418843' 'channel_1941222046'
 'channel_1933848916' 'channel_1989082693' 'channel_1976510189'
 'channel_1913782821' 'channel_1918782963' 'channel_1935407118'
 'channel_1940585713' 'channel_1918257860' 'channel_1902635570'
 'channel_1965963687' 'channel_1984038639' 'channel_1929851380'
 'channel_1981270291' 'channel_1905689581' 'channel_1984723553'
 'channel_1983002218' 'channel_1901043322' 'channel_1948828673'
 'channel_1913055027' 'channel_1947846523' 'channel_1985704458'
 'channel_1938669339' 'channel_1999297922' 'channel_1935741342'
 'channel_1964877032' 'channel_1926747949' 'channel_1912185447'
 'channel_1982618924' 'channel_1954060366' 'channel_1906193935'
 'channel_1952869993' 'channel_1973150256' 'channel_1948967982'
 'channel_1970115864' 'channel_1966067472' 'channel_1930983957'
 'channel_1946887803' 'channel_1983589371' 'channel_1905125715'
 'channel_1979953476' 'channel_1965161024' 'channel_1986956450'
 'channel_1962268807' 'channel_1901031570' 'channel_1978747616'
 'channel_1950487092' 'channel_1964995934' 'channel_1935708159'
 'channel_1992473355' 'channel_1941934908' 'channel_1929417087'
 'channel_1973470514' 'channel_1930963821' 'channel_1968168550'
 'channel_1966037103' 'channel_1966662455' 'channel_1909892791'
 'channel_1991948000' 'channel_1940949878' 'channel_1935110265'
 'channel_1968622262' 'channel_1955459198' 'channel_1953999990'
 'channel_1945102813' 'channel_1952698754' 'channel_1926142438'
 'channel_1927252219' 'channel_1934801781' 'channel_1979787711'
 'channel_1918465790' 'channel_1975245363' 'channel_1981634396'
 'channel_1959545174' 'channel_1909671501' 'channel_1992854182'
 'channel_1999033491' 'channel_1992192833' 'channel_1900708826'
 'channel_1980366554' 'channel_1909004144' 'channel_1950771040'
 'channel_1957013337' 'channel_1953487279' 'channel_1989262367'
 'channel_1951799562' 'channel_1931837726' 'channel_1991975561'
 'channel_1974197908' 'channel_1960894163' 'channel_1934217726'
 'channel_1912706300' 'channel_1960222909' 'channel_1961985509'
 'channel_1984427836' 'channel_1903939315' 'channel_1964648863'
 'channel_1964756770' 'channel_1990940659' 'channel_1965203167'
 'channel_1978870460' 'channel_1935301320' 'channel_1948113107'
 'channel_1956366303' 'channel_1957625621' 'channel_1904302255'
 'channel_1948220743' 'channel_1972962339' 'channel_1942824454'
 'channel_1912448958' 'channel_1960110595' 'channel_1917127608'
 'channel_1925600913' 'channel_1914815264' 'channel_1937328148'
 'channel_1903362854' 'channel_1979805262' 'channel_1991147944'
 'channel_1941583439' 'channel_1900743002' 'channel_1901728108'
 'channel_1927534930' 'channel_1987014811' 'channel_1974123437'
 'channel_1914302583' 'channel_1939207013' 'channel_1966905091'
 'channel_1914467285' 'channel_1957290883' 'channel_1908953484'
 'channel_1985524002' 'channel_1975106068' 'channel_1966159875'
 'channel_1976279118' 'channel_1920490407' 'channel_1900648029'
 'channel_1964126312' 'channel_1923526882' 'channel_1955403258'
 'channel_1972069652' 'channel_1924624773' 'channel_1929448977'
 'channel_1903905329' 'channel_1969858233' 'channel_1920371540'
 'channel_1939987631' 'channel_1959871025' 'channel_1945356965'
 'channel_1978123285' 'channel_1903691715' 'channel_1992590888'
 'channel_1971591203' 'channel_1933885236' 'channel_1939152374'
 'channel_1916733548' 'channel_1982094495' 'channel_1947763546'
 'channel_1937606983' 'channel_1917139653' 'channel_1961506583'
 'channel_1912519933' 'channel_1951275074' 'channel_1918144097'
 'channel_1915109770' 'channel_1930463121' 'channel_1962623987'
 'channel_1909683898' 'channel_1932838243' 'channel_1946508767'
 'channel_1921158644' 'channel_1977076704' 'channel_1938712557'
 'channel_1939784506' 'channel_1920799889' 'channel_1901954277'
 'channel_1902850422' 'channel_1948069284' 'channel_1982887769'
 'channel_1996685816' 'channel_1928364396' 'channel_1988192690'
 'channel_1965520152' 'channel_1947763138' 'channel_1913601907'
 'channel_1924231821' 'channel_1975631510' 'channel_1955127321'
 'channel_1946992320' 'channel_1956553267' 'channel_1985616452'
 'channel_1968933982' 'channel_1916977343' 'channel_1925833437'
 'channel_1980822012' 'channel_1971478054' 'channel_1966333338'
 'channel_1930242098' 'channel_1919213412' 'channel_1903318114'
 'channel_1971437109' 'channel_1997095541' 'channel_1932275862'
 'channel_1929607770' 'channel_1968731755' 'channel_1978220557'
 'channel_1959948952' 'channel_1923426311' 'channel_1951338294'
 'channel_1907107074' 'channel_1907030973' 'channel_1910294769'
 'channel_1907454107' 'channel_1952997495' 'channel_1941189425'
 'channel_1930230599' 'channel_1949672608' 'channel_1986375806'
 'channel_1914587239' 'channel_1914280868' 'channel_1973912144'
 'channel_1983593407' 'channel_1908458294' 'channel_1974494664'
 'channel_1912838434' 'channel_1913473220' 'channel_1912044161'
 'channel_1933766223' 'channel_1974441861' 'channel_1945710559'
 'channel_1981610601' 'channel_1982102781' 'channel_1948110327'
 'channel_1977310735' 'channel_1979102300' 'channel_1989866372'
 'channel_1905072338' 'channel_1907259331' 'channel_1980854681'
 'channel_1904079726' 'channel_1982530938' 'channel_1980574812'
 'channel_1974718136' 'channel_1981021893' 'channel_1945682618'
 'channel_1904127604' 'channel_1923777354' 'channel_1962414670'
 'channel_1926178744' 'channel_1904440823' 'channel_1921203099'
 'channel_1927422738' 'channel_1986882256' 'channel_1917253658'
 'channel_1913828477' 'channel_1951169515' 'channel_1969766639'
 'channel_1912708155' 'channel_1922702740' 'channel_1960800211'
 'channel_1901045867' 'channel_1915324088' 'channel_1964997813'
 'channel_1913964419' 'channel_1963993879' 'channel_1979070788'
 'channel_1903310757' 'channel_1974403582' 'channel_1974866339'
 'channel_1942428766' 'channel_1966317512' 'channel_1967451353'
 'channel_1982753973' 'channel_1979165214' 'channel_1980377407'
 'channel_1930632271' 'channel_1918588940' 'channel_1914770506'
 'channel_1945992405' 'channel_1910146783' 'channel_1901714144'
 'channel_1924790539' 'channel_1989186820' 'channel_1948357766'
 'channel_1972063583' 'channel_1911742336' 'channel_1983072378'
 'channel_1916857868' 'channel_1952882418' 'channel_1988365219'
 'channel_1921577715' 'channel_1977953244' 'channel_1928029783'
 'channel_1958202635' 'channel_1922969991' 'channel_1942710123'
 'channel_1959480078' 'channel_1959136492' 'channel_1980876177'
 'channel_1951737031' 'channel_1946235004' 'channel_1964570604'
 'channel_1932035583' 'channel_1956325509' 'channel_1910349828'
 'channel_1906006519' 'channel_1948886317' 'channel_1979946017'
 'channel_1996799365' 'channel_1950600524' 'channel_1977793101'
 'channel_1923130032' 'channel_1934065794' 'channel_1926242561'
 'channel_1922657225' 'channel_1969340149' 'channel_1966957117'
 'channel_1982080538' 'channel_1901266198' 'channel_1950800050'
 'channel_1971433634' 'channel_1906128830' 'channel_1999428492'
 'channel_1935253806' 'channel_1903835154' 'channel_1975624760'
 'channel_1926309270' 'channel_1929713152' 'channel_1920004137'
 'channel_1996013346' 'channel_1969658573' 'channel_1956688434'
 'channel_1965254257' 'channel_1958975854' 'channel_1987312383'
 'channel_1966890554' 'channel_1975274302' 'channel_1922569682'
 'channel_1985245208' 'channel_1932341918' 'channel_1943311898'
 'channel_1918010981' 'channel_1938815446' 'channel_1931847038'
 'channel_1983586076' 'channel_1921115627' 'channel_1986659920'
 'channel_1906981781' 'channel_1952718058' 'channel_1934254348'
 'channel_1932669445' 'channel_1997894227' 'channel_1940974438'
 'channel_1976407606' 'channel_1936404034' 'channel_1956254716'
 'channel_1949584759' 'channel_1942179804' 'channel_1977996346'
 'channel_1949138432' 'channel_1965641147' 'channel_1907534526'
 'channel_1940693567' 'channel_1915157595' 'channel_1907578459'
 'channel_1929181336' 'channel_1915430810' 'channel_1982612302'
 'channel_1924457034' 'channel_1903107443' 'channel_1953532147'
 'channel_1933726988' 'channel_1940658692' 'channel_1995943323'
 'channel_1902739187' 'channel_1986719233' 'channel_1942313828'
 'channel_1904965163' 'channel_1946643112' 'channel_1960355506'
 'channel_1952145601' 'channel_1973957942' 'channel_1905119305'
 'channel_1968581534' 'channel_1991307857' 'channel_1998592666'
 'channel_1962066107' 'channel_1983886427' 'channel_1983439683'
 'channel_1930598618' 'channel_1991459870' 'channel_1941950454'
 'channel_1949288595' 'channel_1943718293' 'channel_1924254407'
 'channel_1958436152' 'channel_1989030976' 'channel_1915368269'
 'channel_1977906494' 'channel_1950263453' 'channel_1987887215'
 'channel_1967578528' 'channel_1925833678' 'channel_1937367211'
 'channel_1967878411' 'channel_1920845783' 'channel_1928639039'
 'channel_1969057362' 'channel_1934450203' 'channel_1904038291'
 'channel_1920659319' 'channel_1906054294' 'channel_1928444875'
 'channel_1940288231' 'channel_1957903960' 'channel_1966509353'
 'channel_1950217998' 'channel_1983628967' 'channel_1941629040'
 'channel_1925853374' 'channel_1946230130' 'channel_1987605531'
 'channel_1912609224' 'channel_1990536380' 'channel_1998150222'
 'channel_1937921112' 'channel_1922489461' 'channel_1986227103'
 'channel_1942665639' 'channel_1917183495' 'channel_1919341093'
 'channel_1994249213' 'channel_1987038770' 'channel_1977114487'
 'channel_1911684796' 'channel_1904632320' 'channel_1937248643'
 'channel_1918437990' 'channel_1935646464' 'channel_1935731426'
 'channel_1911261049' 'channel_1932216877' 'channel_1932910326'
 'channel_1941296141' 'channel_1925221136' 'channel_1941110450'
 'channel_1997436288' 'channel_1968356655' 'channel_1926387205'
 'channel_1997021145' 'channel_1973676748' 'channel_1970643165'
 'channel_1924055811' 'channel_1926557233' 'channel_1985389779'
 'channel_1963118120' 'channel_1919584255' 'channel_1938935277'
 'channel_1902542853' 'channel_1900594229' 'channel_1914318514'
 'channel_1916145208' 'channel_1984454634' 'channel_1997213192'
 'channel_1996834060' 'channel_1950839982' 'channel_1972150726'
 'channel_1948520627' 'channel_1997588527' 'channel_1923028971'
 'channel_1906738232' 'channel_1925512874' 'channel_1911965839'
 'channel_1969912159' 'channel_1922230957' 'channel_1901208410'
 'channel_1991186507' 'channel_1963189643' 'channel_1943749014'
 'channel_1916477536' 'channel_1951322114' 'channel_1939853576'
 'channel_1940344521' 'channel_1974568317' 'channel_1954599492'
 'channel_1927750127' 'channel_1905851544' 'channel_1929875509'
 'channel_1947783095' 'channel_1949947235' 'channel_1946960071'
 'channel_1917473420' 'channel_1937469657' 'channel_1917092658'
 'channel_1949800719' 'channel_1975447511' 'channel_1910742019'
 'channel_1992001719' 'channel_1997042931' 'channel_1923907408'
 'channel_1976731325' 'channel_1909704951' 'channel_1988936089'
 'channel_1957004356' 'channel_1938016983' 'channel_1942691032'
 'channel_1906853486' 'channel_1912820445' 'channel_1986729923'
 'channel_1975432155' 'channel_1993302690' 'channel_1903186953'
 'channel_1951725312' 'channel_1907269198' 'channel_1997581505'
 'channel_1987527838' 'channel_1967360896' 'channel_1982521933'
 'channel_1913538938' 'channel_1929566664' 'channel_1948766538'
 'channel_1940787822' 'channel_1986054708' 'channel_1918366970'
 'channel_1935034601' 'channel_1934812407' 'channel_1980845784'
 'channel_1908104714' 'channel_1937077786' 'channel_1904775704'
 'channel_1962419664' 'channel_1984370428' 'channel_1943890232'
 'channel_1904733140' 'channel_1951913557' 'channel_1911570739'
 'channel_1989491822' 'channel_1903298304' 'channel_1964405681'
 'channel_1958784988' 'channel_1904302842' 'channel_1935345903'
 'channel_1996005328' 'channel_1929637885' 'channel_1941733374'
 'channel_1990166173' 'channel_1907604923' 'channel_1942893640'
 'channel_1925865048' 'channel_1905128016' 'channel_1901083804'
 'channel_1927551691' 'channel_1977083043' 'channel_1969241088'
 'channel_1942057423' 'channel_1922288569' 'channel_1957671558'
 'channel_1998781315' 'channel_1925564028' 'channel_1977936648'
 'channel_1948580079' 'channel_1956613416' 'channel_1982590010'
 'channel_1968852589' 'channel_1941095521' 'channel_1962212724'
 'channel_1976603995' 'channel_1925691137' 'channel_1990778928'
 'channel_1905242321' 'channel_1976277235' 'channel_1921917756'
 'channel_1958284597' 'channel_1988169952' 'channel_1953483958'
 'channel_1942606065' 'channel_1959301510' 'channel_1963493148'
 'channel_1976893671' 'channel_1969983840' 'channel_1961301513'
 'channel_1949692820' 'channel_1977524361' 'channel_1912935579'
 'channel_1981774639' 'channel_1903316574' 'channel_1954495666'
 'channel_1906372297' 'channel_1991760788' 'channel_1952165884'
 'channel_1941292327' 'channel_1965024066' 'channel_1962543192'
 'channel_1900950642' 'channel_1928170534' 'channel_1998154102'
 'channel_1957913241' 'channel_1941034992' 'channel_1914600060']","['channel_1927028788' 'channel_1964597198' 'channel_1918782844'
 'channel_1960616143' 'channel_1923336511' 'channel_1905210395'
 'channel_1981994015' 'channel_1931004582' 'channel_1916286359'
 'channel_1964661048' 'channel_1990299496' 'channel_1914236302'
 'channel_1955510810' 'channel_1977812324' 'channel_1956629151'
 'channel_1912313151' 'channel_1925286710' 'channel_1900839842'
 'channel_1904400973' 'channel_1928976966']",711,79929,112.41772151898734,0.3430007881995275,0.99,0.137668814679938,0.0467529932815375,0.82,0.2364511003515613,0.95,0.202092857410952,0.93,0.1528525316218144,0.96,0.1406547060516201,0.79,1.0,371.3827521925709,61.063956761625946,10130052.0,126.73813009045529,97986.0,14247.611814345992,0.1204569055036344,0.0247970073440178,0.008807816937532,0,0.38,0.5,Medium,Medium
cluster_21,21,"['channel_2136263556' 'channel_2140862011' 'channel_2144322933'
 'channel_2149278137' 'channel_2141131496' 'channel_2131386122'
 'channel_2183255414' 'channel_2166981220' 'channel_2114622304'
 'channel_2125279052' 'channel_2111712991' 'channel_2145995034'
 'channel_2127449837' 'channel_2107097963' 'channel_2135102745'
 'channel_2171991395' 'channel_2126423175' 'channel_2106551978'
 'channel_2129443485' 'channel_2107083631' 'channel_2121809180'
 'channel_2101050664' 'channel_2136526510' 'channel_2130163524'
 'channel_2106849432' 'channel_2119691258' 'channel_2184194137'
 'channel_2111981899' 'channel_2160068181' 'channel_2140806840'
 'channel_2126849134' 'channel_2138143107' 'channel_2189176985'
 'channel_2108350360' 'channel_2125584115' 'channel_2177640741'
 'channel_2104843871' 'channel_2126916629' 'channel_2118484591'
 'channel_2145965181' 'channel_2102208257' 'channel_2136791741'
 'channel_2125320404' 'channel_2110446180' 'channel_2181018102'
 'channel_2159390986' 'channel_2188656533' 'channel_2145136132'
 'channel_2146554102' 'channel_2172078496' 'channel_2105755030'
 'channel_2116587406' 'channel_2128054290' 'channel_2132008758'
 'channel_2101889826' 'channel_2179668410' 'channel_2110120217'
 'channel_2189359172' 'channel_2163300423' 'channel_2141309591'
 'channel_2104899903' 'channel_2108759010' 'channel_2182464217'
 'channel_2189055328' 'channel_2185150144' 'channel_2188960419'
 'channel_2161887607' 'channel_2142179436' 'channel_2112273062'
 'channel_2106490971' 'channel_2177627764' 'channel_2123213066'
 'channel_2121283657' 'channel_2112181131' 'channel_2118652480'
 'channel_2147331178' 'channel_2129552764' 'channel_2110712731'
 'channel_2114276858' 'channel_2111315487' 'channel_2163876068'
 'channel_2121848786' 'channel_2145843913' 'channel_2190862305'
 'channel_2137712928' 'channel_2101458204' 'channel_2138657635'
 'channel_2105704172' 'channel_2191635600' 'channel_2192691506'
 'channel_2132897973' 'channel_2124717594' 'channel_2145039857'
 'channel_2154670351' 'channel_2166328315' 'channel_2130381124'
 'channel_2115142500' 'channel_2136874717' 'channel_2108995661'
 'channel_2171591452' 'channel_2142847484' 'channel_2125647162'
 'channel_2129316320' 'channel_2117099295' 'channel_2137947164'
 'channel_2140329372' 'channel_2159389636' 'channel_2100466998'
 'channel_2145101015' 'channel_2120394370' 'channel_2189358402'
 'channel_2129709757' 'channel_2117167313' 'channel_2105181730'
 'channel_2153136997' 'channel_2172934601' 'channel_2189006009'
 'channel_2129868448' 'channel_2140676988' 'channel_2101794508'
 'channel_2110479232' 'channel_2120450232' 'channel_2112713489'
 'channel_2137916428' 'channel_2134239639' 'channel_2122206904'
 'channel_2153350719' 'channel_2165013175' 'channel_2107743667'
 'channel_2197778955' 'channel_2160265690' 'channel_2118865995'
 'channel_2103096312' 'channel_2199166682' 'channel_2181561123'
 'channel_2110923466' 'channel_2194760938' 'channel_2146467545'
 'channel_2129955211' 'channel_2191656705' 'channel_2141300420'
 'channel_2124942545' 'channel_2192056520' 'channel_2173611745'
 'channel_2140360833' 'channel_2141597663' 'channel_2131214522'
 'channel_2146073400' 'channel_2117285395' 'channel_2116098905'
 'channel_2118261830' 'channel_2120734481' 'channel_2113886326'
 'channel_2181268724' 'channel_2145495184' 'channel_2129990083'
 'channel_2157382250' 'channel_2128542903' 'channel_2100713680'
 'channel_2140943976' 'channel_2187527918' 'channel_2113949836'
 'channel_2132387729' 'channel_2115862385' 'channel_2171156371'
 'channel_2173210785' 'channel_2128933650' 'channel_2106043123'
 'channel_2115032743' 'channel_2189575004' 'channel_2139651201'
 'channel_2120481627' 'channel_2128855740' 'channel_2124574490'
 'channel_2100010806' 'channel_2142412588' 'channel_2120511591'
 'channel_2114466185' 'channel_2196491430' 'channel_2155271180'
 'channel_2116199090' 'channel_2127954280' 'channel_2179212099'
 'channel_2122730693' 'channel_2150582758' 'channel_2198678972'
 'channel_2115615376' 'channel_2128003987' 'channel_2141218166'
 'channel_2135964262' 'channel_2127507272' 'channel_2198507491'
 'channel_2112282081' 'channel_2106802857' 'channel_2109233220'
 'channel_2158505215' 'channel_2165208912' 'channel_2157407975'
 'channel_2134728065' 'channel_2171950379' 'channel_2123330776'
 'channel_2131335025' 'channel_2198035154' 'channel_2186471137'
 'channel_2167316888' 'channel_2107462263' 'channel_2109209034'
 'channel_2132211877' 'channel_2115665338' 'channel_2100459946'
 'channel_2128526205' 'channel_2104347610' 'channel_2134430250'
 'channel_2195854127' 'channel_2112445596' 'channel_2110961204'
 'channel_2152794000' 'channel_2101068461' 'channel_2141293727'
 'channel_2123695110' 'channel_2144677420' 'channel_2103054469'
 'channel_2189552309' 'channel_2198496202' 'channel_2140645165'
 'channel_2154175228' 'channel_2108283647' 'channel_2199096299'
 'channel_2168223879' 'channel_2124889394' 'channel_2106309956'
 'channel_2147040878' 'channel_2105783913' 'channel_2139715864'
 'channel_2160914726' 'channel_2125540672' 'channel_2107386254'
 'channel_2135724685' 'channel_2161703841' 'channel_2138883214'
 'channel_2153460515' 'channel_2119359928' 'channel_2136907365'
 'channel_2129146280' 'channel_2140348745' 'channel_2114424117'
 'channel_2117576592' 'channel_2169387399' 'channel_2139090195'
 'channel_2130171322' 'channel_2119747141' 'channel_2146800160'
 'channel_2175636486' 'channel_2135854643' 'channel_2136493615'
 'channel_2119605716' 'channel_2195693212' 'channel_2152932354'
 'channel_2141613264' 'channel_2100077786' 'channel_2191094969'
 'channel_2118269181' 'channel_2128930048' 'channel_2135942079'
 'channel_2117353956' 'channel_2120180362' 'channel_2117979977'
 'channel_2156617897' 'channel_2155485184' 'channel_2177432695'
 'channel_2103392334' 'channel_2169064402' 'channel_2138156834'
 'channel_2143663751' 'channel_2137454405' 'channel_2106928233'
 'channel_2101538062' 'channel_2146620087' 'channel_2107279581'
 'channel_2103913040' 'channel_2109500602' 'channel_2113822838'
 'channel_2103771214' 'channel_2185155278' 'channel_2134287637'
 'channel_2108908461' 'channel_2115622955' 'channel_2138295772'
 'channel_2139497494' 'channel_2134420339' 'channel_2119715326'
 'channel_2111417082' 'channel_2134887517' 'channel_2138769074'
 'channel_2151381139' 'channel_2116059911' 'channel_2118043836'
 'channel_2131683012' 'channel_2193538623' 'channel_2155957256'
 'channel_2128349372' 'channel_2120077500' 'channel_2181870321'
 'channel_2161414366' 'channel_2152970037' 'channel_2178553261'
 'channel_2107799720' 'channel_2123222810' 'channel_2110703566'
 'channel_2164177254' 'channel_2146527432' 'channel_2169932550'
 'channel_2180939681' 'channel_2103957011' 'channel_2139768574'
 'channel_2190845163' 'channel_2119007226' 'channel_2149114403'
 'channel_2130415915' 'channel_2132448535' 'channel_2103602666'
 'channel_2162383693' 'channel_2135890979' 'channel_2198340304'
 'channel_2118891448' 'channel_2118116951' 'channel_2127415452'
 'channel_2193385321' 'channel_2165104692' 'channel_2149156802'
 'channel_2125524284' 'channel_2186259993' 'channel_2102276343'
 'channel_2102070640' 'channel_2121477945' 'channel_2195747778'
 'channel_2144216591' 'channel_2198268175' 'channel_2146732097'
 'channel_2134476621' 'channel_2123192903' 'channel_2103852229'
 'channel_2182019881' 'channel_2125828816' 'channel_2122221307'
 'channel_2138970576' 'channel_2178658783' 'channel_2105477540'
 'channel_2184567871' 'channel_2108154699' 'channel_2103186999'
 'channel_2131280269' 'channel_2152460590' 'channel_2103600746'
 'channel_2100901736' 'channel_2104292028' 'channel_2107116647'
 'channel_2107246629' 'channel_2150751555' 'channel_2129658766'
 'channel_2137648797' 'channel_2136652202' 'channel_2121965836'
 'channel_2144526424' 'channel_2110148102' 'channel_2188283568'
 'channel_2140731416' 'channel_2123753398' 'channel_2106287593'
 'channel_2155797085' 'channel_2127681723' 'channel_2111285039'
 'channel_2111186266' 'channel_2116529219' 'channel_2122486809'
 'channel_2128027437' 'channel_2189629555' 'channel_2142527609'
 'channel_2114568536' 'channel_2160839813' 'channel_2116396286'
 'channel_2125816050' 'channel_2198899988' 'channel_2137342141'
 'channel_2167278618' 'channel_2150086312' 'channel_2130566584'
 'channel_2122577757' 'channel_2141916527' 'channel_2134063047'
 'channel_2134650347' 'channel_2128117797' 'channel_2130369262'
 'channel_2116065673' 'channel_2120238550' 'channel_2133171809'
 'channel_2134154315' 'channel_2116380423' 'channel_2108875082'
 'channel_2106685240' 'channel_2178525662' 'channel_2109908760'
 'channel_2198586914' 'channel_2148216105' 'channel_2142100125'
 'channel_2110634515' 'channel_2140649701' 'channel_2103430393'
 'channel_2124877834' 'channel_2158827606' 'channel_2126760486'
 'channel_2148205140' 'channel_2177849229' 'channel_2141235630'
 'channel_2143954276' 'channel_2114138113' 'channel_2186620030'
 'channel_2162795141' 'channel_2184681800' 'channel_2150020578'
 'channel_2118132952' 'channel_2145546637' 'channel_2109745376'
 'channel_2183520478' 'channel_2189362187' 'channel_2106094706'
 'channel_2133326559' 'channel_2186800583' 'channel_2154173789'
 'channel_2125246028' 'channel_2110769764' 'channel_2105752285'
 'channel_2115343747' 'channel_2117899244' 'channel_2164460837'
 'channel_2103182289' 'channel_2134951172' 'channel_2158669694'
 'channel_2167067386' 'channel_2112516259' 'channel_2160447434'
 'channel_2192569031' 'channel_2108856541' 'channel_2131968986'
 'channel_2172694931' 'channel_2113650954' 'channel_2138355494'
 'channel_2110584873' 'channel_2137505062' 'channel_2162387355'
 'channel_2106840856' 'channel_2121256144' 'channel_2191319410'
 'channel_2137511871' 'channel_2133741948' 'channel_2143058773'
 'channel_2111096992' 'channel_2150658145' 'channel_2192821289']","['channel_2136263556' 'channel_2140862011' 'channel_2144322933'
 'channel_2149278137' 'channel_2141131496' 'channel_2131386122'
 'channel_2183255414' 'channel_2166981220' 'channel_2114622304'
 'channel_2125279052' 'channel_2111712991' 'channel_2145995034'
 'channel_2127449837' 'channel_2107097963' 'channel_2135102745'
 'channel_2171991395' 'channel_2126423175' 'channel_2106551978'
 'channel_2129443485' 'channel_2107083631']",459,32256,70.27450980392157,0.3464260912698413,0.99,0.1453392352306161,0.0497746155753969,0.82,0.2527396453373012,0.94,0.1982279265873014,0.93,0.1535897197420634,0.96,0.1544866071428568,0.87,1.0,328.70709325396825,54.111545138888886,2685629.0,83.25982762896825,26120.0,5851.0435729847495,0.1290612599206349,0.0310329861111111,0.0124007936507936,0,0.32,0.2857142857142857,Low,Low
cluster_22,22,"['channel_2234014990' 'channel_2244744109' 'channel_2219439926'
 'channel_2249599595' 'channel_2233556799' 'channel_2221359871'
 'channel_2238700796' 'channel_2205640625' 'channel_2213863813'
 'channel_2219011837' 'channel_2227236298' 'channel_2225715564'
 'channel_2243874711' 'channel_2239561867' 'channel_2215526025'
 'channel_2207516960' 'channel_2228054184' 'channel_2200032483'
 'channel_2234842507' 'channel_2207371739' 'channel_2215759249'
 'channel_2207640927' 'channel_2234514020' 'channel_2201590879'
 'channel_2242819318' 'channel_2203792079' 'channel_2244478670'
 'channel_2247783965' 'channel_2229827306' 'channel_2238090602'
 'channel_2247828280' 'channel_2220896626' 'channel_2246707610'
 'channel_2242081186' 'channel_2215544613' 'channel_2206999872'
 'channel_2242992996' 'channel_2237837534' 'channel_2247071257'
 'channel_2235722159' 'channel_2231059264' 'channel_2213731406'
 'channel_2211804293' 'channel_2201944659' 'channel_2238364185'
 'channel_2232523902' 'channel_2215001192' 'channel_2238231352'
 'channel_2228120775' 'channel_2223335869' 'channel_2220028063'
 'channel_2224133719' 'channel_2234782305' 'channel_2218540472'
 'channel_2244914709' 'channel_2215343394' 'channel_2200320693'
 'channel_2224806728' 'channel_2241273303' 'channel_2208965524'
 'channel_2209857691' 'channel_2217835710' 'channel_2205123667'
 'channel_2239286766' 'channel_2249743477' 'channel_2207517597'
 'channel_2214168404' 'channel_2211722596' 'channel_2214316355'
 'channel_2200937982' 'channel_2211626029' 'channel_2240107530'
 'channel_2222010080' 'channel_2237715522' 'channel_2204389931'
 'channel_2232551074' 'channel_2235037794' 'channel_2235654091'
 'channel_2213536361' 'channel_2212864771' 'channel_2210568683'
 'channel_2244649361' 'channel_2211429218' 'channel_2240498869'
 'channel_2201006584' 'channel_2217702239' 'channel_2201558632'
 'channel_2202677668' 'channel_2224805569' 'channel_2217129849'
 'channel_2200839040' 'channel_2215113508' 'channel_2212289096'
 'channel_2213866526' 'channel_2218216526' 'channel_2200097188'
 'channel_2241434922' 'channel_2210100704' 'channel_2233672506'
 'channel_2239006738' 'channel_2231528201' 'channel_2240042415'
 'channel_2244712463' 'channel_2200956474' 'channel_2230470911'
 'channel_2216090537' 'channel_2240612242' 'channel_2204743321'
 'channel_2230168989' 'channel_2245154653' 'channel_2216460547'
 'channel_2237898021' 'channel_2212726660' 'channel_2206160652'
 'channel_2213153382']","['channel_2234014990' 'channel_2244744109' 'channel_2219439926'
 'channel_2249599595' 'channel_2233556799' 'channel_2221359871'
 'channel_2238700796' 'channel_2205640625' 'channel_2213863813'
 'channel_2219011837' 'channel_2227236298' 'channel_2225715564'
 'channel_2243874711' 'channel_2239561867' 'channel_2215526025'
 'channel_2207516960' 'channel_2228054184' 'channel_2200032483'
 'channel_2234842507' 'channel_2207371739']",115,6049,52.6,0.3472144156058852,0.92,0.1310004252181393,0.0390692676475451,0.61,0.1787601256406018,0.8,0.2334898330302529,0.86,0.1491866424202348,0.9,0.1105075219044473,0.79,1.0,390.07637626053895,64.27277235906762,284376.0,47.01206811043148,7452.0,2472.834782608696,0.1259712349148619,0.018350140519094,0.0028103818813026,0,0.2066666666666666,0.1428571428571428,Low,Low
cluster_17,17,"['channel_1710390801' 'channel_1751710558' 'channel_1773057258' ...
 'channel_1771699743' 'channel_1736828635' 'channel_1787425073']","['channel_1710390801' 'channel_1751710558' 'channel_1773057258'
 'channel_1711524333' 'channel_1739094865' 'channel_1714856693'
 'channel_1779140687' 'channel_1725274135' 'channel_1716572476'
 'channel_1794191318' 'channel_1752068056' 'channel_1737011944'
 'channel_1743734689' 'channel_1728542472' 'channel_1735387179'
 'channel_1790633524' 'channel_1793787991' 'channel_1741701520'
 'channel_1773496969' 'channel_1753495910']",1002,136795,136.52195608782435,0.3340552651778214,0.99,0.1308802025315886,0.0390351255528346,0.82,0.2089123140465653,0.95,0.1969280309952845,0.93,0.1403504514053876,0.96,0.1369498885193166,0.86,1.0,406.2200080412296,66.99293833838956,16340589.0,119.45311597646112,98340.0,16307.973053892216,0.1042581965715121,0.0245330604188749,0.0058847180086991,0,0.13,0.6428571428571429,Low,Medium
cluster_12,12,"['channel_1214535459' 'channel_1218420610' 'channel_1252412179'
 'channel_1269828868' 'channel_1218998207' 'channel_1208302895'
 'channel_1283141989' 'channel_1285877007' 'channel_1259988076'
 'channel_1222617060' 'channel_1218132733' 'channel_1277477770'
 'channel_1229851869' 'channel_1210458630' 'channel_1272423073'
 'channel_1241655494' 'channel_1298964602' 'channel_1267889918'
 'channel_1271334131' 'channel_1276868326' 'channel_1232155643'
 'channel_1212137220' 'channel_1282498936' 'channel_1240066460'
 'channel_1286964820' 'channel_1232035105' 'channel_1272714261'
 'channel_1227682995' 'channel_1243670265' 'channel_1264168048'
 'channel_1265790112' 'channel_1224619086' 'channel_1297249484'
 'channel_1209887535' 'channel_1245507567' 'channel_1281548457'
 'channel_1282314830' 'channel_1270227966' 'channel_1229525984'
 'channel_1293302774' 'channel_1275562563' 'channel_1211928697'
 'channel_1258430463' 'channel_1202315764' 'channel_1248489854'
 'channel_1284266233' 'channel_1222613198' 'channel_1232080839'
 'channel_1287314800' 'channel_1214313659' 'channel_1208243495'
 'channel_1247131881' 'channel_1263412188' 'channel_1232169809'
 'channel_1233228786' 'channel_1260680132' 'channel_1248922838'
 'channel_1234153277' 'channel_1233211568' 'channel_1295388499'
 'channel_1232052560' 'channel_1275510382' 'channel_1243749530'
 'channel_1239025185' 'channel_1299657682' 'channel_1201178029'
 'channel_1233213705' 'channel_1299972536' 'channel_1278589743'
 'channel_1210204721' 'channel_1212124138' 'channel_1216354395'
 'channel_1213619123' 'channel_1298315925' 'channel_1246679365'
 'channel_1294282058' 'channel_1268420553' 'channel_1214763885'
 'channel_1207020602' 'channel_1234323904' 'channel_1215501939'
 'channel_1268172099' 'channel_1283609223' 'channel_1202024582'
 'channel_1246399823' 'channel_1226077970' 'channel_1226804730'
 'channel_1232997703' 'channel_1250497003' 'channel_1284476671'
 'channel_1240116473' 'channel_1287297730' 'channel_1218230844'
 'channel_1231086927' 'channel_1204301357' 'channel_1201720595'
 'channel_1284455740' 'channel_1277769680' 'channel_1286267685'
 'channel_1213233037' 'channel_1285489487' 'channel_1244739761'
 'channel_1204946338' 'channel_1276125738' 'channel_1294039140'
 'channel_1288809798' 'channel_1299478212' 'channel_1210735373'
 'channel_1235239544' 'channel_1236466378' 'channel_1200935534'
 'channel_1273023511' 'channel_1268379490' 'channel_1272672830'
 'channel_1252754045' 'channel_1284040467' 'channel_1252719245'
 'channel_1299673590' 'channel_1241637299' 'channel_1205062435'
 'channel_1230070043' 'channel_1250134540' 'channel_1263643156'
 'channel_1258607202' 'channel_1284730631' 'channel_1262395401'
 'channel_1280116896' 'channel_1215680808' 'channel_1288455255'
 'channel_1244362434' 'channel_1259417502' 'channel_1201880754'
 'channel_1258097314' 'channel_1271903934' 'channel_1264723629'
 'channel_1225358058' 'channel_1240804342' 'channel_1264708901'
 'channel_1271203320' 'channel_1241760129' 'channel_1208629646'
 'channel_1237266337' 'channel_1212307538' 'channel_1243998258'
 'channel_1206707461' 'channel_1235337542' 'channel_1256018056'
 'channel_1280278804' 'channel_1208910266' 'channel_1217089637'
 'channel_1279316236' 'channel_1205510975' 'channel_1212164569'
 'channel_1272474655' 'channel_1247727641' 'channel_1204741127'
 'channel_1218530877' 'channel_1237463271' 'channel_1203379480'
 'channel_1272903686' 'channel_1249987850' 'channel_1245675790'
 'channel_1241816060' 'channel_1236806841' 'channel_1202395559'
 'channel_1209399023' 'channel_1260603895' 'channel_1278885864'
 'channel_1273282223' 'channel_1258929913' 'channel_1274793311'
 'channel_1281174886' 'channel_1282500575' 'channel_1209438364'
 'channel_1230780565' 'channel_1221271055' 'channel_1213492578'
 'channel_1238765661' 'channel_1228507102' 'channel_1242599517'
 'channel_1253339120' 'channel_1211204702' 'channel_1243892673'
 'channel_1293946304' 'channel_1235727149' 'channel_1296242147'
 'channel_1262786229' 'channel_1204908046' 'channel_1261348103'
 'channel_1225695566' 'channel_1248655084' 'channel_1224119833'
 'channel_1202407111' 'channel_1202220516' 'channel_1290625887'
 'channel_1295205564' 'channel_1298888199' 'channel_1245922703'
 'channel_1277323072' 'channel_1266552790' 'channel_1258855433'
 'channel_1252495599' 'channel_1242441362' 'channel_1229475939'
 'channel_1229725610' 'channel_1220334987' 'channel_1281635400'
 'channel_1290652675' 'channel_1299984444' 'channel_1231931524'
 'channel_1249748413' 'channel_1277512758' 'channel_1267181206'
 'channel_1215771878' 'channel_1214043252' 'channel_1259249024'
 'channel_1265355020' 'channel_1294050703' 'channel_1209682122'
 'channel_1216463210' 'channel_1287209488' 'channel_1263776750'
 'channel_1283286173' 'channel_1260894343' 'channel_1267924666'
 'channel_1299199528' 'channel_1261274600' 'channel_1269060566'
 'channel_1243689036' 'channel_1249595484' 'channel_1270261485'
 'channel_1200679795' 'channel_1292487413' 'channel_1263185608'
 'channel_1222293991' 'channel_1210860459' 'channel_1274674575'
 'channel_1290589049' 'channel_1245638927' 'channel_1261024758'
 'channel_1276869850' 'channel_1214721999' 'channel_1253975948'
 'channel_1249324120' 'channel_1206358695' 'channel_1285954611'
 'channel_1267062734' 'channel_1294164024' 'channel_1226665740'
 'channel_1218672589' 'channel_1274363298' 'channel_1208773054'
 'channel_1295863972' 'channel_1200497997' 'channel_1237341013'
 'channel_1201884917' 'channel_1247944141' 'channel_1216368072'
 'channel_1228840945' 'channel_1288445956' 'channel_1298320756'
 'channel_1207271524' 'channel_1228492883' 'channel_1262326026'
 'channel_1277820690' 'channel_1273730109' 'channel_1222655991'
 'channel_1217903807' 'channel_1214168367' 'channel_1275214093'
 'channel_1264033094' 'channel_1249907791' 'channel_1298632408'
 'channel_1279521348' 'channel_1273979975' 'channel_1255997890'
 'channel_1271263213' 'channel_1215599389' 'channel_1281358063'
 'channel_1244477360' 'channel_1203364987' 'channel_1220920552'
 'channel_1279159096' 'channel_1253523989' 'channel_1206138596'
 'channel_1294256027' 'channel_1270669359' 'channel_1291390698'
 'channel_1202414130' 'channel_1248173705' 'channel_1290812425'
 'channel_1237565048' 'channel_1239777290' 'channel_1277476865'
 'channel_1252202886' 'channel_1268732913' 'channel_1274275888'
 'channel_1254045216' 'channel_1203251782' 'channel_1290261354'
 'channel_1232962145' 'channel_1285011113' 'channel_1269589410'
 'channel_1281333128' 'channel_1243943686' 'channel_1215623441'
 'channel_1284504089' 'channel_1274662331' 'channel_1243627659'
 'channel_1288641123' 'channel_1285995193' 'channel_1227917167'
 'channel_1259010191' 'channel_1236762836' 'channel_1258397366'
 'channel_1289823932' 'channel_1262347641' 'channel_1254075486'
 'channel_1274955607' 'channel_1239944726' 'channel_1264332884'
 'channel_1264328543' 'channel_1265427291' 'channel_1247885695'
 'channel_1267153638' 'channel_1282476287' 'channel_1231516509'
 'channel_1206185993' 'channel_1295418535' 'channel_1271119715'
 'channel_1254130032' 'channel_1206929767' 'channel_1258656090'
 'channel_1213261506' 'channel_1269452782' 'channel_1266447726'
 'channel_1256983709' 'channel_1295452195' 'channel_1298464429'
 'channel_1291370039' 'channel_1225348016' 'channel_1226583894'
 'channel_1252137024' 'channel_1225076162' 'channel_1205904436'
 'channel_1219891644' 'channel_1261037968' 'channel_1273098630'
 'channel_1240264645' 'channel_1216804161' 'channel_1241696648'
 'channel_1248330220' 'channel_1237230499' 'channel_1271015481'
 'channel_1251089064' 'channel_1219931990' 'channel_1292262554'
 'channel_1257092732' 'channel_1274857651' 'channel_1258425142'
 'channel_1226800917' 'channel_1292587807' 'channel_1284383291'
 'channel_1240109411' 'channel_1228499141' 'channel_1213044407'
 'channel_1268431610' 'channel_1235703323' 'channel_1224761681'
 'channel_1236975109' 'channel_1287167289' 'channel_1219456347'
 'channel_1280271845' 'channel_1200795729' 'channel_1280869686'
 'channel_1251364610' 'channel_1264737110' 'channel_1265165376'
 'channel_1276936927' 'channel_1224818034' 'channel_1266086031'
 'channel_1263878746' 'channel_1270704408' 'channel_1254420471'
 'channel_1201964533' 'channel_1205144317' 'channel_1222055723'
 'channel_1200638605' 'channel_1219968876' 'channel_1289595626'
 'channel_1254980188' 'channel_1272928562' 'channel_1241853889'
 'channel_1240434715' 'channel_1291420989' 'channel_1287350383'
 'channel_1278050079' 'channel_1284566682' 'channel_1258989235'
 'channel_1240331672' 'channel_1226127871' 'channel_1279841660'
 'channel_1220969170' 'channel_1240512314' 'channel_1227458811'
 'channel_1240836101' 'channel_1253139023' 'channel_1210231451'
 'channel_1246706445' 'channel_1290725179' 'channel_1280893069'
 'channel_1251361405' 'channel_1294796494' 'channel_1281432672'
 'channel_1221544190' 'channel_1286423263' 'channel_1206720213'
 'channel_1230318030' 'channel_1247063354' 'channel_1209470592'
 'channel_1292499343' 'channel_1257868126' 'channel_1201142306'
 'channel_1219452476' 'channel_1299030115' 'channel_1202273554'
 'channel_1239830674' 'channel_1200407554' 'channel_1273293057'
 'channel_1289050779' 'channel_1231166616' 'channel_1205299143'
 'channel_1252110564' 'channel_1227917578' 'channel_1266927523'
 'channel_1235233307' 'channel_1218257811' 'channel_1256700714'
 'channel_1220318149' 'channel_1263228393' 'channel_1257911941'
 'channel_1245218446' 'channel_1218590505' 'channel_1208838854'
 'channel_1298592226' 'channel_1250811576' 'channel_1291904838'
 'channel_1244772230' 'channel_1274590445' 'channel_1216553828'
 'channel_1275258613' 'channel_1274452037' 'channel_1259066690'
 'channel_1297779158' 'channel_1251299061' 'channel_1228652829'
 'channel_1221218504' 'channel_1256952599' 'channel_1266622669'
 'channel_1278390541' 'channel_1276986307' 'channel_1240702351'
 'channel_1255529479' 'channel_1276653377' 'channel_1273178584'
 'channel_1249895240' 'channel_1215767458' 'channel_1272301759'
 'channel_1220789766' 'channel_1294396381' 'channel_1225720506'
 'channel_1269531483' 'channel_1285755139' 'channel_1294818162'
 'channel_1286234150' 'channel_1299363067' 'channel_1285109582'
 'channel_1286569993' 'channel_1217702004' 'channel_1236313353'
 'channel_1235322843' 'channel_1293113384' 'channel_1273771484'
 'channel_1220016457' 'channel_1250607618' 'channel_1297658522'
 'channel_1293296681' 'channel_1207481786' 'channel_1254419329'
 'channel_1219353158' 'channel_1218816980' 'channel_1289680855'
 'channel_1259355405' 'channel_1200851498' 'channel_1299334122'
 'channel_1240932140' 'channel_1294680146' 'channel_1271165022'
 'channel_1223172477' 'channel_1247630847' 'channel_1252761498'
 'channel_1286611658' 'channel_1202663304' 'channel_1227349422'
 'channel_1227104314' 'channel_1209453669' 'channel_1248045032'
 'channel_1291231061' 'channel_1289379467' 'channel_1268143151'
 'channel_1200558653' 'channel_1210752568' 'channel_1284430657'
 'channel_1267035238' 'channel_1204275498' 'channel_1292024994'
 'channel_1290648093' 'channel_1262645972' 'channel_1212994854'
 'channel_1208912534' 'channel_1289642792' 'channel_1218188435'
 'channel_1248811129' 'channel_1293638702' 'channel_1238814831'
 'channel_1210144130' 'channel_1223584480' 'channel_1224841710'
 'channel_1279884824' 'channel_1225991487' 'channel_1218356629'
 'channel_1236887441' 'channel_1252903363' 'channel_1209162282'
 'channel_1236775080' 'channel_1254775400' 'channel_1257892169'
 'channel_1273312197' 'channel_1279559896' 'channel_1274452385'
 'channel_1214720576' 'channel_1293255698' 'channel_1210971815'
 'channel_1204077765' 'channel_1225155207' 'channel_1299243727'
 'channel_1205688614' 'channel_1226992845' 'channel_1280672547'
 'channel_1229035243' 'channel_1260941639' 'channel_1231660998'
 'channel_1206582385' 'channel_1297277047' 'channel_1225794912'
 'channel_1236450869' 'channel_1254731173' 'channel_1293168342'
 'channel_1261823378' 'channel_1263135816' 'channel_1208363454'
 'channel_1272090056' 'channel_1235773347' 'channel_1272678222'
 'channel_1258240986' 'channel_1234401504' 'channel_1208938166'
 'channel_1232861332' 'channel_1275697756' 'channel_1272372993'
 'channel_1270786011' 'channel_1267564162' 'channel_1218820135'
 'channel_1277509132' 'channel_1278844630' 'channel_1229725526'
 'channel_1262529462' 'channel_1220271142' 'channel_1295722188'
 'channel_1235978663' 'channel_1294163472' 'channel_1286910958'
 'channel_1263188807' 'channel_1257568798' 'channel_1216464646'
 'channel_1235779695' 'channel_1211879132' 'channel_1235378260'
 'channel_1253567465' 'channel_1205177672' 'channel_1275226052'
 'channel_1295262238' 'channel_1277530433' 'channel_1289043648'
 'channel_1230401168' 'channel_1250659301' 'channel_1278100405'
 'channel_1277995805' 'channel_1209771708' 'channel_1297366092'
 'channel_1278550379' 'channel_1283676624' 'channel_1225790696'
 'channel_1292138768' 'channel_1260577445' 'channel_1244108524'
 'channel_1256336075' 'channel_1277235544' 'channel_1264538413'
 'channel_1209340225' 'channel_1294800309' 'channel_1241986173'
 'channel_1246785012' 'channel_1292526497' 'channel_1214737958'
 'channel_1259076070' 'channel_1296442833' 'channel_1231951133'
 'channel_1260131417' 'channel_1282775725' 'channel_1200222752'
 'channel_1269909528' 'channel_1213283525' 'channel_1293223450'
 'channel_1203994504' 'channel_1218984147' 'channel_1238186694'
 'channel_1208926702' 'channel_1270300917' 'channel_1288278215'
 'channel_1226106091' 'channel_1232110655' 'channel_1259161615'
 'channel_1239953572' 'channel_1203648452' 'channel_1229964281'
 'channel_1221604079' 'channel_1228614771' 'channel_1268543941'
 'channel_1207485232' 'channel_1272030548' 'channel_1266951635'
 'channel_1295934018' 'channel_1276787100' 'channel_1272058948'
 'channel_1204308318' 'channel_1278062224' 'channel_1242703318'
 'channel_1208910097' 'channel_1218385605' 'channel_1247494809'
 'channel_1292629765' 'channel_1248033140' 'channel_1253273667'
 'channel_1266711647' 'channel_1200002840' 'channel_1284573976'
 'channel_1291185847' 'channel_1269602563' 'channel_1266789209'
 'channel_1229606559' 'channel_1295082945' 'channel_1283560951'
 'channel_1217833033' 'channel_1237468878' 'channel_1267917236'
 'channel_1211160527' 'channel_1202171346' 'channel_1248795940'
 'channel_1288627651' 'channel_1221245253' 'channel_1210945539'
 'channel_1267177649' 'channel_1229487111' 'channel_1298712056'
 'channel_1227108516' 'channel_1243391313' 'channel_1234391406'
 'channel_1234633109' 'channel_1276409972' 'channel_1218571268'
 'channel_1216193479' 'channel_1277170192' 'channel_1281513491'
 'channel_1204575623' 'channel_1250466818' 'channel_1262948496'
 'channel_1206639424' 'channel_1291008493' 'channel_1260431447'
 'channel_1208468464' 'channel_1288280904' 'channel_1278448732'
 'channel_1248334768' 'channel_1292472394' 'channel_1259125272'
 'channel_1262562447' 'channel_1226363458' 'channel_1202500264'
 'channel_1244304528' 'channel_1267519057' 'channel_1203580553'
 'channel_1208476644' 'channel_1243802297' 'channel_1240410293'
 'channel_1233092178' 'channel_1240299160' 'channel_1269534762'
 'channel_1256579957' 'channel_1228474199' 'channel_1239929872'
 'channel_1218950737' 'channel_1232010707' 'channel_1253568228'
 'channel_1210624645' 'channel_1218461707' 'channel_1272868362'
 'channel_1244532327' 'channel_1235314961' 'channel_1267984898'
 'channel_1201078745' 'channel_1238134740' 'channel_1226210398'
 'channel_1234685756' 'channel_1204106423' 'channel_1242598479'
 'channel_1260221957' 'channel_1290451508' 'channel_1253186867'
 'channel_1276599884' 'channel_1201241054' 'channel_1260719032'
 'channel_1252204275' 'channel_1288170960' 'channel_1215807792'
 'channel_1275420352' 'channel_1241668143' 'channel_1224945167'
 'channel_1294545708' 'channel_1210618765' 'channel_1293521944'
 'channel_1276721134' 'channel_1294932356' 'channel_1220809137'
 'channel_1256729953' 'channel_1235845999' 'channel_1216512717'
 'channel_1280446867' 'channel_1258765795' 'channel_1258234189'
 'channel_1202221883' 'channel_1298419885' 'channel_1281365482'
 'channel_1262436457' 'channel_1262289604' 'channel_1253219081'
 'channel_1279824711' 'channel_1239871904' 'channel_1264952399'
 'channel_1284549569' 'channel_1281270661' 'channel_1295366802'
 'channel_1273581117' 'channel_1251623614' 'channel_1254140518'
 'channel_1243708321' 'channel_1250393933' 'channel_1230993257'
 'channel_1206090602' 'channel_1283479526' 'channel_1224479232'
 'channel_1229643114' 'channel_1251757095' 'channel_1216362418'
 'channel_1287938671' 'channel_1299807208' 'channel_1227640222'
 'channel_1250848320' 'channel_1256362411' 'channel_1219455673'
 'channel_1250018740' 'channel_1296363921' 'channel_1237269025'
 'channel_1279821633' 'channel_1267977372' 'channel_1211620019'
 'channel_1244428011' 'channel_1222418956' 'channel_1245206509'
 'channel_1293796107' 'channel_1209608665' 'channel_1281558459'
 'channel_1215855026' 'channel_1264688398' 'channel_1214662276'
 'channel_1289799313' 'channel_1214069794' 'channel_1204169876'
 'channel_1241078461' 'channel_1225858468' 'channel_1247171910'
 'channel_1231902969' 'channel_1281166047' 'channel_1251587774'
 'channel_1227111274' 'channel_1282104642' 'channel_1286090902'
 'channel_1217415403' 'channel_1299324389' 'channel_1299867815'
 'channel_1244077735' 'channel_1221641920' 'channel_1247016224'
 'channel_1225240658' 'channel_1268354849' 'channel_1232038222'
 'channel_1222973093' 'channel_1252276402' 'channel_1288266428'
 'channel_1275416172' 'channel_1201190823' 'channel_1232038614'
 'channel_1206908698' 'channel_1200595041' 'channel_1247367992'
 'channel_1208759979' 'channel_1293445778' 'channel_1285075457'
 'channel_1235082463' 'channel_1271635049' 'channel_1245418852'
 'channel_1287519497' 'channel_1234828118' 'channel_1224347179'
 'channel_1239631779' 'channel_1256270445' 'channel_1244678147'
 'channel_1262387275' 'channel_1266318176' 'channel_1218540199'
 'channel_1210281533' 'channel_1269166293' 'channel_1205583420'
 'channel_1255633610' 'channel_1212206074' 'channel_1226322866'
 'channel_1290415848' 'channel_1295601717' 'channel_1299671103'
 'channel_1280388190' 'channel_1284777512' 'channel_1215239381'
 'channel_1292126943' 'channel_1251002367' 'channel_1207781724'
 'channel_1247941451' 'channel_1290446864' 'channel_1219882336'
 'channel_1242268706' 'channel_1236492701' 'channel_1207833287'
 'channel_1253845103' 'channel_1289295637' 'channel_1274194997'
 'channel_1264301656' 'channel_1241320063' 'channel_1230609499'
 'channel_1238310714' 'channel_1244449319' 'channel_1299331568'
 'channel_1216122870' 'channel_1242529189' 'channel_1253055498'
 'channel_1297860159' 'channel_1229768765' 'channel_1222810055'
 'channel_1294067978' 'channel_1248714142' 'channel_1274008264'
 'channel_1270946450' 'channel_1201985657' 'channel_1222551088'
 'channel_1241847514' 'channel_1282551933' 'channel_1294426585'
 'channel_1243469759' 'channel_1261642133' 'channel_1299270034'
 'channel_1288179061' 'channel_1231475181' 'channel_1232609016'
 'channel_1257157877' 'channel_1201257526' 'channel_1200746757'
 'channel_1224137788' 'channel_1285432333' 'channel_1246442711'
 'channel_1245621517' 'channel_1251925316' 'channel_1298897139'
 'channel_1292686006' 'channel_1246481727' 'channel_1260794351'
 'channel_1283452202' 'channel_1242293380' 'channel_1266621279'
 'channel_1280128866' 'channel_1242021964' 'channel_1218522026'
 'channel_1279779603' 'channel_1221144836' 'channel_1280030572'
 'channel_1247636431' 'channel_1222517964' 'channel_1212306649'
 'channel_1265203805' 'channel_1273335222' 'channel_1219913508'
 'channel_1283151103' 'channel_1222742641' 'channel_1202469368'
 'channel_1282579644' 'channel_1252834839' 'channel_1220567391'
 'channel_1230292617' 'channel_1244107710' 'channel_1293811608'
 'channel_1266052315' 'channel_1294915724' 'channel_1212389309'
 'channel_1217943039' 'channel_1260467483' 'channel_1211378130'
 'channel_1266441243' 'channel_1286743277' 'channel_1262205765'
 'channel_1220860574' 'channel_1276211986' 'channel_1224322857'
 'channel_1285311726' 'channel_1222966149' 'channel_1241613842'
 'channel_1218079248' 'channel_1212008398' 'channel_1255298207'
 'channel_1289222203' 'channel_1251855435' 'channel_1255605595'
 'channel_1223458867' 'channel_1269823156' 'channel_1254889223']","['channel_1214535459' 'channel_1218420610' 'channel_1252412179'
 'channel_1269828868' 'channel_1218998207' 'channel_1208302895'
 'channel_1283141989' 'channel_1285877007' 'channel_1259988076'
 'channel_1222617060' 'channel_1218132733' 'channel_1277477770'
 'channel_1229851869' 'channel_1210458630' 'channel_1272423073'
 'channel_1241655494' 'channel_1298964602' 'channel_1267889918'
 'channel_1271334131' 'channel_1276868326']",951,140267,147.49421661409042,0.3383241247050274,0.98,0.1307026762316993,0.0376038555041455,0.82,0.2093474587750496,0.93,0.207529568608439,0.93,0.1409695081523093,0.96,0.1300922526324783,0.86,1.0,349.5583993384046,57.48875359136504,12799581.0,91.25154883187064,46009.0,13459.07570977918,0.1110453634853529,0.0219937690262142,0.0038284129552924,0,0.1233333333333333,0.4285714285714285,Low,Medium
cluster_10,10,"['channel_1095515118' 'channel_1088678000' 'channel_1091087098'
 'channel_1047710477' 'channel_1068487996' 'channel_1097902914'
 'channel_1088048484' 'channel_1088649810' 'channel_1083432125'
 'channel_1051341773' 'channel_1033952888' 'channel_1005381772'
 'channel_1091752075' 'channel_1042369293' 'channel_1024716060'
 'channel_1007776157' 'channel_1070928018' 'channel_1072723547'
 'channel_1004299103' 'channel_1026435692' 'channel_1004495089'
 'channel_1078820429' 'channel_1081541129' 'channel_1087900551'
 'channel_1002628191' 'channel_1049320233' 'channel_1047615116'
 'channel_1002489027' 'channel_1080041765' 'channel_1076871110'
 'channel_1003201003' 'channel_1091636374' 'channel_1081129128'
 'channel_1005981984' 'channel_1007053922' 'channel_1007042000'
 'channel_1074511071' 'channel_1008570881' 'channel_1088300804'
 'channel_1082084045' 'channel_1034826040' 'channel_1026314265'
 'channel_1013814061' 'channel_1063178820' 'channel_1011047399'
 'channel_1006487902' 'channel_1029815961' 'channel_1002274566'
 'channel_1025740557' 'channel_1077923535' 'channel_1041604931'
 'channel_1047936974' 'channel_1058944890' 'channel_1035235678'
 'channel_1078113941' 'channel_1099505434' 'channel_1006800726'
 'channel_1096981383' 'channel_1002400952' 'channel_1072737404'
 'channel_1066806944' 'channel_1008407570' 'channel_1080116228'
 'channel_1080245101' 'channel_1098983613' 'channel_1083783239'
 'channel_1085339511' 'channel_1081917741' 'channel_1095209711'
 'channel_1083698033' 'channel_1041135072' 'channel_1071040207'
 'channel_1077891178' 'channel_1042663943' 'channel_1072723865'
 'channel_1003740416' 'channel_1059287525' 'channel_1092183763'
 'channel_1003720521' 'channel_1042549367' 'channel_1072265320'
 'channel_1004504016' 'channel_1005249990' 'channel_1074515862'
 'channel_1058486047']","['channel_1095515118' 'channel_1088678000' 'channel_1091087098'
 'channel_1047710477' 'channel_1068487996' 'channel_1097902914'
 'channel_1088048484' 'channel_1088649810' 'channel_1083432125'
 'channel_1051341773' 'channel_1033952888' 'channel_1005381772'
 'channel_1091752075' 'channel_1042369293' 'channel_1024716060'
 'channel_1007776157' 'channel_1070928018' 'channel_1072723547'
 'channel_1004299103' 'channel_1026435692']",85,13487,158.6705882352941,0.2730881589678933,0.96,0.0742045522620155,0.024277452361534,0.68,0.2548313190479732,0.75,0.085133832579519,0.86,0.1016994142507643,0.9,0.2093393638318408,0.7,1.0,252.40149773856305,37.84110625046341,340999.0,25.283532290353676,5067.0,4011.752941176471,0.0173500407800103,0.0120115666938533,0.0008156002076073,0,0.0666666666666666,0.2142857142857142,Low,Low
cluster_11,11,"['channel_1162933086' 'channel_1116064717' 'channel_1178953267'
 'channel_1128378389' 'channel_1141367195' 'channel_1149797228'
 'channel_1160031607' 'channel_1166915080' 'channel_1110269667'
 'channel_1123168261' 'channel_1100528049' 'channel_1114095761'
 'channel_1186806913' 'channel_1151836245' 'channel_1122014578'
 'channel_1138671289' 'channel_1189956540' 'channel_1179556108'
 'channel_1171960166' 'channel_1164408242' 'channel_1159889419'
 'channel_1185807392' 'channel_1162074204' 'channel_1177343133'
 'channel_1161693635' 'channel_1198321392' 'channel_1187746433'
 'channel_1198318740' 'channel_1177783105' 'channel_1197183794'
 'channel_1172882654' 'channel_1182028672' 'channel_1135095527'
 'channel_1167153077' 'channel_1119276671' 'channel_1157349895'
 'channel_1198046393' 'channel_1125902924' 'channel_1166922603'
 'channel_1188544652' 'channel_1162044491' 'channel_1153277850'
 'channel_1154503929' 'channel_1169049438' 'channel_1169129649'
 'channel_1103986665' 'channel_1157404621' 'channel_1169523514'
 'channel_1152818553' 'channel_1198701644' 'channel_1184305601'
 'channel_1194085093' 'channel_1118603069' 'channel_1162515555'
 'channel_1160895556' 'channel_1195438885' 'channel_1162863360'
 'channel_1187114277' 'channel_1154985723' 'channel_1168719239'
 'channel_1172525819' 'channel_1126635263' 'channel_1101047453'
 'channel_1194103498' 'channel_1187741976' 'channel_1159266445'
 'channel_1156612803' 'channel_1186487003' 'channel_1168822733'
 'channel_1126156342' 'channel_1110663552' 'channel_1195610377'
 'channel_1156139655' 'channel_1195286743' 'channel_1193264029'
 'channel_1149744575' 'channel_1150273594' 'channel_1167568392'
 'channel_1199360700' 'channel_1173753783' 'channel_1160022449'
 'channel_1136853565' 'channel_1138919760' 'channel_1191483490'
 'channel_1150067319' 'channel_1157878978' 'channel_1183525842'
 'channel_1156025596' 'channel_1169737702' 'channel_1142695531'
 'channel_1188577450' 'channel_1187359327' 'channel_1160268936'
 'channel_1180689183' 'channel_1117777397' 'channel_1142810542'
 'channel_1180045061' 'channel_1157521395' 'channel_1183406261'
 'channel_1199573219' 'channel_1152561820' 'channel_1150980042'
 'channel_1152058353' 'channel_1136154040' 'channel_1131206848'
 'channel_1125651249' 'channel_1195052286' 'channel_1122226424'
 'channel_1189063768' 'channel_1139044493' 'channel_1123840181'
 'channel_1191903230' 'channel_1166892375' 'channel_1190909838'
 'channel_1138001101' 'channel_1124297683' 'channel_1141027190'
 'channel_1136479756' 'channel_1165311094' 'channel_1126517771'
 'channel_1159274793' 'channel_1160648905' 'channel_1133664809'
 'channel_1183277855' 'channel_1183419958' 'channel_1179270258'
 'channel_1109357927' 'channel_1144396349' 'channel_1173030584'
 'channel_1150982271' 'channel_1184664229' 'channel_1128392981'
 'channel_1105273759' 'channel_1188775189' 'channel_1138199523'
 'channel_1172932553' 'channel_1159761022' 'channel_1151150030'
 'channel_1159076901' 'channel_1160968060' 'channel_1140519310'
 'channel_1170822089' 'channel_1159013510' 'channel_1177249831'
 'channel_1106758760' 'channel_1169720000' 'channel_1156229354'
 'channel_1197163972' 'channel_1160136330' 'channel_1177663783'
 'channel_1154705963' 'channel_1185098728' 'channel_1198445854'
 'channel_1155506675' 'channel_1193680405' 'channel_1166131325'
 'channel_1171611086' 'channel_1180372638' 'channel_1155198469'
 'channel_1187558848' 'channel_1157028875' 'channel_1152900885'
 'channel_1175848329' 'channel_1175593687' 'channel_1186921499'
 'channel_1188328483' 'channel_1148509969' 'channel_1178173760'
 'channel_1177617529' 'channel_1185348678' 'channel_1168067698'
 'channel_1176720498' 'channel_1178784302' 'channel_1133378741'
 'channel_1166778853' 'channel_1120218557' 'channel_1111942726'
 'channel_1197297384' 'channel_1110622825' 'channel_1169770698'
 'channel_1189186841' 'channel_1104943842' 'channel_1186102194'
 'channel_1169436645' 'channel_1172394368' 'channel_1151808092'
 'channel_1193871734' 'channel_1153794295' 'channel_1159318550'
 'channel_1150424885' 'channel_1159692827' 'channel_1154547394'
 'channel_1163501623' 'channel_1198525763' 'channel_1147920923'
 'channel_1161483227' 'channel_1132147818' 'channel_1177144801'
 'channel_1160265602' 'channel_1110257648' 'channel_1181183862'
 'channel_1157941368' 'channel_1123464890' 'channel_1192809378'
 'channel_1156008508' 'channel_1193951369' 'channel_1156660140'
 'channel_1175039331' 'channel_1193342710' 'channel_1167462440'
 'channel_1185662854' 'channel_1154091739' 'channel_1186766723'
 'channel_1198634999' 'channel_1157306055' 'channel_1172517043'
 'channel_1169522239' 'channel_1168815860' 'channel_1116479137'
 'channel_1196988334' 'channel_1161027445' 'channel_1190400685'
 'channel_1180888069' 'channel_1120732795' 'channel_1175926478'
 'channel_1177122770' 'channel_1166302787' 'channel_1183436171'
 'channel_1187812373' 'channel_1176228449' 'channel_1178694333'
 'channel_1165760483' 'channel_1153863592' 'channel_1190135740'
 'channel_1167809080' 'channel_1127064173' 'channel_1132580599'
 'channel_1160483739' 'channel_1157262013' 'channel_1137281358'
 'channel_1120039663' 'channel_1198383923' 'channel_1188678589'
 'channel_1151338081' 'channel_1162133923' 'channel_1170161057'
 'channel_1173959343' 'channel_1186760891' 'channel_1111091836'
 'channel_1181035845' 'channel_1107559239' 'channel_1118510831'
 'channel_1149136314' 'channel_1149353449' 'channel_1133728729'
 'channel_1128824411' 'channel_1181209380' 'channel_1154003376'
 'channel_1166343771' 'channel_1112120838' 'channel_1178971821'
 'channel_1167315864' 'channel_1128869672' 'channel_1154692913'
 'channel_1196835441' 'channel_1155872100' 'channel_1160154287'
 'channel_1170167074' 'channel_1192617784' 'channel_1178161927'
 'channel_1182038013' 'channel_1174266028' 'channel_1119716827'
 'channel_1175883100' 'channel_1137409088' 'channel_1181879017'
 'channel_1182558412' 'channel_1164262590' 'channel_1118394715'
 'channel_1192079756' 'channel_1148563594' 'channel_1111693396'
 'channel_1173161499' 'channel_1104298814' 'channel_1101425425'
 'channel_1159494568' 'channel_1192251998' 'channel_1153555809'
 'channel_1159770934' 'channel_1187754261' 'channel_1198620354'
 'channel_1150466939' 'channel_1179424306' 'channel_1170507410'
 'channel_1156717444' 'channel_1194367554' 'channel_1165453594'
 'channel_1182568527' 'channel_1199625207' 'channel_1134014032'
 'channel_1183048093' 'channel_1187839464' 'channel_1186382500'
 'channel_1167449348' 'channel_1136428033' 'channel_1172275438'
 'channel_1122556365' 'channel_1176949552' 'channel_1168479046'
 'channel_1172397668' 'channel_1168253251' 'channel_1188121323'
 'channel_1189709213' 'channel_1179750930' 'channel_1120282873'
 'channel_1163816325' 'channel_1159970960' 'channel_1186827346'
 'channel_1179670911' 'channel_1139617484' 'channel_1146076304'
 'channel_1156658974' 'channel_1198658703' 'channel_1172469319'
 'channel_1183709958' 'channel_1102223767' 'channel_1163710310'
 'channel_1111884422' 'channel_1198528576' 'channel_1176857789'
 'channel_1150079261' 'channel_1153315577' 'channel_1114319087'
 'channel_1165327457' 'channel_1196926847' 'channel_1194025145'
 'channel_1164682585' 'channel_1100325392' 'channel_1153113736'
 'channel_1186849228' 'channel_1179907854' 'channel_1155189272'
 'channel_1192193228' 'channel_1126621715' 'channel_1198974759'
 'channel_1161642089' 'channel_1132522499' 'channel_1178742596'
 'channel_1197643220' 'channel_1154985791' 'channel_1165865130'
 'channel_1165075015' 'channel_1196953931' 'channel_1181621586'
 'channel_1165423866' 'channel_1173848079' 'channel_1180787156'
 'channel_1167601357' 'channel_1181926208' 'channel_1196247728'
 'channel_1154706320' 'channel_1113698239' 'channel_1111967775'
 'channel_1157792479' 'channel_1186710467' 'channel_1198246506'
 'channel_1181291234' 'channel_1151600827' 'channel_1141238929'
 'channel_1158762602' 'channel_1162710391' 'channel_1179142792'
 'channel_1185056230' 'channel_1164351920' 'channel_1197278601'
 'channel_1185290693' 'channel_1161789591' 'channel_1108775158'
 'channel_1100114789' 'channel_1163639702' 'channel_1198668194'
 'channel_1175406915' 'channel_1189544175' 'channel_1197014308'
 'channel_1198174011' 'channel_1155817917' 'channel_1164734593'
 'channel_1172279981' 'channel_1170161792' 'channel_1164999973'
 'channel_1198797125' 'channel_1133363979' 'channel_1124120811'
 'channel_1126905503' 'channel_1101049774' 'channel_1166564094'
 'channel_1161434992' 'channel_1132004943' 'channel_1179970664'
 'channel_1159388290' 'channel_1199537109' 'channel_1154874887'
 'channel_1186431824' 'channel_1154488769' 'channel_1154150830'
 'channel_1189125688' 'channel_1174657732' 'channel_1130600713'
 'channel_1154851627' 'channel_1196845807' 'channel_1170721057'
 'channel_1135023016' 'channel_1157560088' 'channel_1173273754'
 'channel_1108426483' 'channel_1162410452' 'channel_1197744559'
 'channel_1193450459' 'channel_1153051882' 'channel_1107869175'
 'channel_1199696455' 'channel_1199596952' 'channel_1197748500'
 'channel_1161562496' 'channel_1174125612' 'channel_1151831301'
 'channel_1172081943' 'channel_1136781848' 'channel_1178365628'
 'channel_1179238799' 'channel_1160719885' 'channel_1120398264'
 'channel_1156161966' 'channel_1166922265' 'channel_1198299024'
 'channel_1138620911' 'channel_1166911088' 'channel_1158291093'
 'channel_1199570056' 'channel_1160889108' 'channel_1193814639'
 'channel_1188989931' 'channel_1142042496' 'channel_1155527603'
 'channel_1174442706' 'channel_1161762919' 'channel_1177375464'
 'channel_1124111218' 'channel_1127847374' 'channel_1183623630'
 'channel_1108403053' 'channel_1170602868' 'channel_1178562994'
 'channel_1106556124' 'channel_1154328631' 'channel_1131391619'
 'channel_1187219939' 'channel_1180299301' 'channel_1142706718'
 'channel_1163458372' 'channel_1128501520' 'channel_1174122085'
 'channel_1148357558' 'channel_1173487042' 'channel_1187228866'
 'channel_1115918834' 'channel_1153994242' 'channel_1178720504'
 'channel_1135840821' 'channel_1157524527' 'channel_1149663395'
 'channel_1154906575' 'channel_1186485908' 'channel_1191715297'
 'channel_1117535856' 'channel_1167111269' 'channel_1187440417'
 'channel_1178751706' 'channel_1131080999' 'channel_1163490032'
 'channel_1121642319' 'channel_1184870794' 'channel_1191283964'
 'channel_1198684999' 'channel_1176451988' 'channel_1137951778'
 'channel_1124034561' 'channel_1154349808' 'channel_1167975799'
 'channel_1199628484' 'channel_1150849367' 'channel_1162455109'
 'channel_1184174995' 'channel_1153216287' 'channel_1181961026'
 'channel_1177424903' 'channel_1196355498' 'channel_1159857747'
 'channel_1177722682' 'channel_1188824289' 'channel_1163908141'
 'channel_1180096088' 'channel_1194788159' 'channel_1199395285'
 'channel_1152339833' 'channel_1122165008' 'channel_1107151562'
 'channel_1168329001' 'channel_1176223343' 'channel_1172170553'
 'channel_1162677585' 'channel_1167712455' 'channel_1179463210'
 'channel_1191245968' 'channel_1110598624' 'channel_1150692757'
 'channel_1165251693' 'channel_1161666782' 'channel_1170147141'
 'channel_1156840976' 'channel_1193165373' 'channel_1173291676'
 'channel_1141493048' 'channel_1183063444' 'channel_1177134182'
 'channel_1111127139' 'channel_1160296406' 'channel_1124469578'
 'channel_1175823710' 'channel_1189442596' 'channel_1177971698'
 'channel_1182770058' 'channel_1197643005' 'channel_1162128920'
 'channel_1166506873' 'channel_1172205399' 'channel_1174100164'
 'channel_1191316794' 'channel_1188849463' 'channel_1182967716'
 'channel_1189589408' 'channel_1140194587' 'channel_1188598720'
 'channel_1145625577' 'channel_1158616686' 'channel_1169660515'
 'channel_1135833627' 'channel_1165887507' 'channel_1157742664'
 'channel_1193413031' 'channel_1155042186' 'channel_1183954052'
 'channel_1116215446' 'channel_1156307123' 'channel_1110027333'
 'channel_1143947209' 'channel_1154347103' 'channel_1138913957'
 'channel_1126637890' 'channel_1176430922' 'channel_1153562347'
 'channel_1170416613' 'channel_1189398247' 'channel_1185856743'
 'channel_1177171390' 'channel_1145106576' 'channel_1127418776'
 'channel_1192246722' 'channel_1179620283' 'channel_1175733210'
 'channel_1122255195' 'channel_1195516479' 'channel_1177793059'
 'channel_1180537380' 'channel_1102335963' 'channel_1148145839'
 'channel_1194612556' 'channel_1160593966' 'channel_1160299734'
 'channel_1158493000' 'channel_1172210773' 'channel_1189306052'
 'channel_1188678573' 'channel_1187303991' 'channel_1146075551'
 'channel_1185556007' 'channel_1189938902' 'channel_1170970418'
 'channel_1167535778' 'channel_1187971428' 'channel_1165650508'
 'channel_1163702054']","['channel_1162933086' 'channel_1116064717' 'channel_1178953267'
 'channel_1128378389' 'channel_1141367195' 'channel_1149797228'
 'channel_1160031607' 'channel_1166915080' 'channel_1110269667'
 'channel_1123168261' 'channel_1100528049' 'channel_1114095761'
 'channel_1186806913' 'channel_1151836245' 'channel_1122014578'
 'channel_1138671289' 'channel_1189956540' 'channel_1179556108'
 'channel_1171960166' 'channel_1164408242']",592,86396,145.9391891891892,0.3355620630584758,0.99,0.1295760075628777,0.0395348164266863,0.71,0.2011049122644563,0.93,0.2095693087642939,0.93,0.1389724061299132,0.96,0.1348653872864477,0.86,1.0,331.0200819482383,54.98503402935321,11182480.0,129.43284411315338,98340.0,18889.324324324323,0.1079679614796981,0.0237279503680725,0.0042363072364461,0,0.0633333333333333,0.7142857142857143,Low,High
cluster_20,20,"['channel_2015534729' 'channel_2031634478' 'channel_2002124069'
 'channel_2004189588' 'channel_2006248500' 'channel_2008027304'
 'channel_2008073349' 'channel_2008164900' 'channel_2008298775'
 'channel_2068606328' 'channel_2068767299' 'channel_2019780497'
 'channel_2019800200' 'channel_2011727874' 'channel_2035580302'
 'channel_2014557716' 'channel_2037999660' 'channel_2025509110'
 'channel_2027242417' 'channel_2078815198' 'channel_2079472221'
 'channel_2028606654' 'channel_2028707316' 'channel_2029345890'
 'channel_2044710055' 'channel_2029747201' 'channel_2045851827'
 'channel_2083503810' 'channel_2087786688' 'channel_2051845256'
 'channel_2052464314' 'channel_2054656042' 'channel_2054825803'
 'channel_2055113835' 'channel_2093240310' 'channel_2093797677'
 'channel_2057153009' 'channel_2096974986' 'channel_2097923754'
 'channel_2061107303' 'channel_2061365969' 'channel_2062757357'
 'channel_2063878996' 'channel_2065154908' 'channel_2066524289'
 'channel_2012736912' 'channel_2000132428' 'channel_2001351310'
 'channel_2008166209' 'channel_2070159273' 'channel_2070246213'
 'channel_2034407069' 'channel_2012585719' 'channel_2013061024'
 'channel_2035163433' 'channel_2035313801' 'channel_2014572615'
 'channel_2036834273' 'channel_2024498611' 'channel_2024739548'
 'channel_2024903655' 'channel_2077002520' 'channel_2040373888'
 'channel_2040403216' 'channel_2040765608' 'channel_2042018529'
 'channel_2027280779' 'channel_2081390913' 'channel_2044316859'
 'channel_2029405782' 'channel_2044611802' 'channel_2045594465'
 'channel_2083999815' 'channel_2046649091' 'channel_2047605724'
 'channel_2086304452' 'channel_2049543182' 'channel_2049726578'
 'channel_2050114374' 'channel_2051367928' 'channel_2052517036'
 'channel_2054466090' 'channel_2093246670' 'channel_2094396681'
 'channel_2056825851' 'channel_2094868846' 'channel_2060289777'
 'channel_2098875646' 'channel_2099291110' 'channel_2063246966'
 'channel_2016753136' 'channel_2088212294' 'channel_2002510616'
 'channel_2000035334' 'channel_2004420472' 'channel_2004456787'
 'channel_2004483091' 'channel_2005508446' 'channel_2005880955'
 'channel_2007141958' 'channel_2007315274' 'channel_2007377565'
 'channel_2015876349' 'channel_2007911871' 'channel_2016137368'
 'channel_2016365893' 'channel_2008822132' 'channel_2009373556'
 'channel_2018379117' 'channel_2018411186' 'channel_2069916269'
 'channel_2018908686' 'channel_2070643099' 'channel_2070658819'
 'channel_2011211899' 'channel_2071057642' 'channel_2020554577'
 'channel_2020597454' 'channel_2021447155' 'channel_2075949054'
 'channel_2076520153' 'channel_2025258099' 'channel_2025336060'
 'channel_2077335803' 'channel_2026038060' 'channel_2027201104'
 'channel_2043141827' 'channel_2043361018' 'channel_2080888767'
 'channel_2044054685' 'channel_2081682750' 'channel_2029522658'
 'channel_2081802865' 'channel_2045256398' 'channel_2084068515'
 'channel_2085331538' 'channel_2086714576' 'channel_2051324910'
 'channel_2093127182' 'channel_2056317088' 'channel_2094972691'
 'channel_2095501223' 'channel_2060567459' 'channel_2060622737'
 'channel_2098483931' 'channel_2066175667' 'channel_2066452616'
 'channel_2015586684' 'channel_2002486387' 'channel_2000882554'
 'channel_2004590608' 'channel_2001334844' 'channel_2001929635'
 'channel_2031966369' 'channel_2016298718' 'channel_2008818712'
 'channel_2010033924' 'channel_2010336623' 'channel_2033686523'
 'channel_2019932951' 'channel_2034361568' 'channel_2071738529'
 'channel_2013788506' 'channel_2021320889' 'channel_2036133746'
 'channel_2021798826' 'channel_2037051651' 'channel_2038769808'
 'channel_2076391453' 'channel_2025229613' 'channel_2077378713'
 'channel_2077379421' 'channel_2026518094' 'channel_2041619375'
 'channel_2027878065' 'channel_2043662541' 'channel_2028911244'
 'channel_2043938466' 'channel_2043952453' 'channel_2044688919'
 'channel_2045026615' 'channel_2084253239' 'channel_2085476704'
 'channel_2049217709' 'channel_2049429162' 'channel_2049950585'
 'channel_2088630271' 'channel_2051555953' 'channel_2089498057'
 'channel_2089661145' 'channel_2051973100' 'channel_2054008762'
 'channel_2093172297' 'channel_2056402406' 'channel_2059307708'
 'channel_2097462330' 'channel_2060764033' 'channel_2062200442'
 'channel_2066963007' 'channel_2088055000' 'channel_2007423632'
 'channel_2002275957' 'channel_2000929774' 'channel_2001000246'
 'channel_2001867794' 'channel_2007895116' 'channel_2068462943'
 'channel_2032059370' 'channel_2019294862' 'channel_2019368903'
 'channel_2034027639' 'channel_2013187798' 'channel_2020799028'
 'channel_2035653069' 'channel_2036491074' 'channel_2022543146'
 'channel_2024220068' 'channel_2039127444' 'channel_2024721492'
 'channel_2041877110' 'channel_2043454759' 'channel_2080683726'
 'channel_2081955689' 'channel_2030222861' 'channel_2045780963'
 'channel_2045955446' 'channel_2046034616' 'channel_2046304429'
 'channel_2085094825' 'channel_2089089872' 'channel_2056276507'
 'channel_2058324121' 'channel_2059749988' 'channel_2060235253'
 'channel_2060265182' 'channel_2061002802' 'channel_2061278680'
 'channel_2065782321' 'channel_2000263472' 'channel_2015864778'
 'channel_2007965759' 'channel_2032578435' 'channel_2032650716'
 'channel_2032795254' 'channel_2032967567' 'channel_2010198662'
 'channel_2070991201' 'channel_2019595034' 'channel_2034198074'
 'channel_2088596536' 'channel_2012959449' 'channel_2020596330'
 'channel_2072293453' 'channel_2035090827' 'channel_2021224351'
 'channel_2072920075' 'channel_2036511142' 'channel_2036771773'
 'channel_2022613663' 'channel_2074847831' 'channel_2038194570'
 'channel_2077222102' 'channel_2041130907' 'channel_2042329537'
 'channel_2080087200' 'channel_2045092555' 'channel_2047009507'
 'channel_2085835883' 'channel_2053615264' 'channel_2091883452'
 'channel_2054036715' 'channel_2054885092' 'channel_2055409343'
 'channel_2095217348' 'channel_2097098344' 'channel_2061310270'
 'channel_2061795786' 'channel_2066651855' 'channel_2031601958'
 'channel_2004688416' 'channel_2005439258' 'channel_2017153179'
 'channel_2016170362' 'channel_2032191832' 'channel_2032195315'
 'channel_2009883893' 'channel_2010052595' 'channel_2010945638'
 'channel_2034408604' 'channel_2012901166' 'channel_2013038917'
 'channel_2034857617' 'channel_2020724470' 'channel_2072749940'
 'channel_2014445551' 'channel_2036177222' 'channel_2021450345'
 'channel_2021665746' 'channel_2036511231' 'channel_2022588274'
 'channel_2036850729' 'channel_2074845078' 'channel_2024711739'
 'channel_2077015213' 'channel_2042575223' 'channel_2079606020'
 'channel_2043358166' 'channel_2080745684' 'channel_2029355577'
 'channel_2082527985' 'channel_2030652277' 'channel_2049040992'
 'channel_2086521870' 'channel_2050980263' 'channel_2053791115'
 'channel_2054521775' 'channel_2054826999' 'channel_2055492624'
 'channel_2094971388' 'channel_2096761558' 'channel_2060163096'
 'channel_2097614113' 'channel_2099030964' 'channel_2062333024'
 'channel_2063041068' 'channel_2064005519' 'channel_2065734219'
 'channel_2067095049' 'channel_2031558392' 'channel_2012827636'
 'channel_2002179812' 'channel_2000733072' 'channel_2005043972'
 'channel_2005254569' 'channel_2005866710' 'channel_2006073887'
 'channel_2031944702' 'channel_2032518985' 'channel_2069519798'
 'channel_2010088090' 'channel_2019364358' 'channel_2071327017'
 'channel_2020122420' 'channel_2071745065' 'channel_2013069508'
 'channel_2075035362' 'channel_2024853561' 'channel_2077657312'
 'channel_2043468009' 'channel_2043962449' 'channel_2081461458'
 'channel_2029539750' 'channel_2029703266' 'channel_2083149546'
 'channel_2046300464' 'channel_2047103058' 'channel_2047847238'
 'channel_2085501541' 'channel_2049043354' 'channel_2087745522'
 'channel_2052547871' 'channel_2052751251' 'channel_2090916085'
 'channel_2053593751' 'channel_2053672433' 'channel_2056459282'
 'channel_2057282932' 'channel_2095295132' 'channel_2095903012'
 'channel_2096545093' 'channel_2059163856' 'channel_2097007269'
 'channel_2060008531' 'channel_2099433175' 'channel_2064891959'
 'channel_2002318646' 'channel_2002764072' 'channel_2000675352'
 'channel_2000985802' 'channel_2005616664' 'channel_2005877048'
 'channel_2006014275' 'channel_2007947378' 'channel_2068596511'
 'channel_2008308263' 'channel_2008422795' 'channel_2016605687'
 'channel_2017558542' 'channel_2068802936' 'channel_2018095213'
 'channel_2033342950' 'channel_2033804588' 'channel_2035015630'
 'channel_2013506920' 'channel_2036571442' 'channel_2036760655'
 'channel_2036971139' 'channel_2074403887' 'channel_2075225723'
 'channel_2075572804' 'channel_2075687276' 'channel_2024422693'
 'channel_2040719329' 'channel_2041931629' 'channel_2043840455'
 'channel_2029336400' 'channel_2045634065' 'channel_2046183423'
 'channel_2084549780' 'channel_2086052952' 'channel_2086288263'
 'channel_2088702995' 'channel_2051518514' 'channel_2056320847'
 'channel_2056321751' 'channel_2057450340' 'channel_2095602623'
 'channel_2058348217' 'channel_2058539536' 'channel_2099728862'
 'channel_2063154906' 'channel_2063648221' 'channel_2063995395'
 'channel_2065415593' 'channel_2066488228' 'channel_2000176317'
 'channel_2007132371' 'channel_2015912128' 'channel_2008737606'
 'channel_2032678028' 'channel_2069619865' 'channel_2019180627'
 'channel_2020530340' 'channel_2013306659' 'channel_2073040161'
 'channel_2023643303' 'channel_2037766663' 'channel_2023902269'
 'channel_2024631292' 'channel_2077847416' 'channel_2026924416'
 'channel_2027423335' 'channel_2027960339' 'channel_2080229795'
 'channel_2081411041' 'channel_2029548087' 'channel_2082217105'
 'channel_2085921682' 'channel_2049317988' 'channel_2050809679'
 'channel_2090395202' 'channel_2090423233' 'channel_2053628606'
 'channel_2092010803' 'channel_2054732182' 'channel_2094626085'
 'channel_2095274603' 'channel_2095537852' 'channel_2062698086'
 'channel_2065916066' 'channel_2000996328' 'channel_2005492915'
 'channel_2017825498' 'channel_2032587291' 'channel_2034289962'
 'channel_2012429170' 'channel_2014069069' 'channel_2035469871'
 'channel_2074634640' 'channel_2037762022' 'channel_2026273120'
 'channel_2078298767' 'channel_2078686000' 'channel_2028547007'
 'channel_2028928348' 'channel_2031255667' 'channel_2046473804'
 'channel_2084305255' 'channel_2084838614' 'channel_2048968018'
 'channel_2086451046' 'channel_2086815219' 'channel_2050730732'
 'channel_2089922481' 'channel_2053076523' 'channel_2091085169'
 'channel_2092111069' 'channel_2055783274' 'channel_2094211936'
 'channel_2096042247' 'channel_2016720496' 'channel_2001411256'
 'channel_2069034798' 'channel_2018209682' 'channel_2070014144'
 'channel_2018956763' 'channel_2010838544' 'channel_2070819571'
 'channel_2011386097' 'channel_2021112134' 'channel_2014789980'
 'channel_2073103551' 'channel_2074085569' 'channel_2074494922'
 'channel_2037324601' 'channel_2024132060' 'channel_2039715420'
 'channel_2077773338' 'channel_2041458511' 'channel_2079297656'
 'channel_2044416214' 'channel_2084932625' 'channel_2085156470'
 'channel_2088887608' 'channel_2089676082' 'channel_2052012459'
 'channel_2058520294' 'channel_2097083129' 'channel_2097321011'
 'channel_2062101040' 'channel_2062638305' 'channel_2065153523'
 'channel_2066566882' 'channel_2003698258' 'channel_2016225466'
 'channel_2032812158' 'channel_2018979613' 'channel_2011496166'
 'channel_2013427965' 'channel_2035165539' 'channel_2072409221'
 'channel_2074710871' 'channel_2038109504' 'channel_2024437966'
 'channel_2041255963' 'channel_2027511475' 'channel_2043310856'
 'channel_2028221650' 'channel_2080416180' 'channel_2080582377'
 'channel_2029277923' 'channel_2029603076' 'channel_2031148174'
 'channel_2046555407' 'channel_2048733424' 'channel_2050391027'
 'channel_2091154967' 'channel_2053761086' 'channel_2092311506'
 'channel_2092660993' 'channel_2094883397' 'channel_2057782315'
 'channel_2058131267' 'channel_2059092763' 'channel_2065790026'
 'channel_2002742871' 'channel_2002996567' 'channel_2004789561'
 'channel_2004935058' 'channel_2006131201' 'channel_2008692123'
 'channel_2069334656' 'channel_2009427770' 'channel_2032953680'
 'channel_2070052450' 'channel_2020287396' 'channel_2013749786'
 'channel_2014105947' 'channel_2015336851' 'channel_2036454000'
 'channel_2023426908' 'channel_2024563275' 'channel_2039283586'
 'channel_2040856354' 'channel_2042672146' 'channel_2042853310'
 'channel_2042911651' 'channel_2080083653' 'channel_2080378121'
 'channel_2080565273' 'channel_2081780650' 'channel_2029590050'
 'channel_2082470940' 'channel_2049452593' 'channel_2087865138'
 'channel_2087912261' 'channel_2000455647' 'channel_2002957921'
 'channel_2000166491' 'channel_2005394565' 'channel_2009160596'
 'channel_2019533251' 'channel_2072970149' 'channel_2021720695'
 'channel_2036505786' 'channel_2040857392' 'channel_2078076546'
 'channel_2027545367' 'channel_2048728973' 'channel_2048773169'
 'channel_2092159038' 'channel_2092185494' 'channel_2092322258'
 'channel_2058946193' 'channel_2096917240' 'channel_2098389155'
 'channel_2063592519' 'channel_2001315441' 'channel_2008320667'
 'channel_2018349117' 'channel_2021067115' 'channel_2036180764'
 'channel_2036270701' 'channel_2022292957' 'channel_2076280389'
 'channel_2025494948' 'channel_2026206130' 'channel_2080648105'
 'channel_2089602168' 'channel_2055128466' 'channel_2094273391'
 'channel_2097524663' 'channel_2061793043' 'channel_2002527078'
 'channel_2032118198' 'channel_2011646417' 'channel_2021336122'
 'channel_2073510737' 'channel_2026922006' 'channel_2027086589'
 'channel_2045303686' 'channel_2049908134' 'channel_2056313630'
 'channel_2057699899' 'channel_2060276017' 'channel_2099290966'
 'channel_2065138647' 'channel_2065415885' 'channel_2033203309'
 'channel_2011254941' 'channel_2011417331' 'channel_2036806678'
 'channel_2022545016' 'channel_2023784405' 'channel_2024663215'
 'channel_2080579364' 'channel_2029067883' 'channel_2093765041'
 'channel_2058356302' 'channel_2088081820' 'channel_2019027133'
 'channel_2034225591' 'channel_2074348889' 'channel_2078443695'
 'channel_2044652858' 'channel_2085705305' 'channel_2053837580'
 'channel_2055043912' 'channel_2055870277' 'channel_2097979460'
 'channel_2067462150' 'channel_2016427870' 'channel_2009304476'
 'channel_2009973126' 'channel_2015239709' 'channel_2073877561'
 'channel_2082379855' 'channel_2048342039' 'channel_2086884994'
 'channel_2087495978' 'channel_2062619566' 'channel_2065939259'
 'channel_2007696630' 'channel_2019668943' 'channel_2083102600'
 'channel_2097712664' 'channel_2065770735' 'channel_2007607167'
 'channel_2079643680' 'channel_2049018613' 'channel_2050657652'
 'channel_2041110715' 'channel_2043008554' 'channel_2082311938'
 'channel_2092829080' 'channel_2014851353' 'channel_2086579552'
 'channel_2053383934' 'channel_2093714757' 'channel_2015258183'
 'channel_2042279570' 'channel_2079013382' 'channel_2073372571'
 'channel_2052441040' 'channel_2096870799' 'channel_2093658706'
 'channel_2032946187' 'channel_2023534545']","['channel_2015534729' 'channel_2031634478' 'channel_2002124069'
 'channel_2004189588' 'channel_2006248500' 'channel_2008027304'
 'channel_2008073349' 'channel_2008164900' 'channel_2008298775'
 'channel_2068606328' 'channel_2068767299' 'channel_2019780497'
 'channel_2019800200' 'channel_2011727874' 'channel_2035580302'
 'channel_2014557716' 'channel_2037999660' 'channel_2025509110'
 'channel_2027242417' 'channel_2078815198']",698,55043,78.85816618911174,0.3281103864251588,0.99,0.1277098870833239,0.040132441909053,0.82,0.2351641443961989,0.95,0.1739819777265046,0.91,0.1404965209018404,0.96,0.159882637210907,0.9,1.0,331.1101502461712,54.76649165198118,4382938.0,79.62752756935487,97983.0,6279.280802292264,0.0949076176807223,0.0246352851407081,0.0062859945860509,0,0.0366666666666666,0.3571428571428571,Low,Medium
cluster_24,24,['channel_2479974715'],['channel_2479974715'],1,1,1.0,0.2,0.2,0.0,0.01,0.01,0.28,0.28,0.06,0.06,0.05,0.05,0.01,0.01,1.0,158.0,24.0,4.0,4.0,4.0,4.0,0.0,0.0,0.0,0,0.0133333333333333,0.0714285714285714,Low,Low
